behaviorSpaceRun,numComponents,terr,mem,numPred
1,3,None,Individual,1
2,3,None,Individual,1
3,6,None,Individual,1
4,3,None,Individual,1
5,4,None,Individual,1
6,4,None,Individual,1
7,2,None,Individual,1
8,6,None,Individual,1
9,10,None,Individual,1
10,7,None,Individual,1
11,3,None,Individual,1
12,2,None,Individual,1
13,6,None,Individual,1
14,6,None,Individual,1
15,3,None,Individual,1
16,4,None,Individual,1
17,3,None,Individual,1
18,3,None,Individual,1
19,4,None,Individual,1
20,3,None,Individual,1
21,3,None,Individual,1
22,3,None,Individual,1
23,3,None,Individual,1
24,3,None,Individual,1
25,4,None,Individual,1
26,4,None,Individual,1
27,5,None,Individual,1
28,4,None,Individual,1
29,7,None,Individual,1
30,2,None,Individual,1
31,2,None,Individual,1
32,2,None,Individual,1
33,8,None,Individual,1
34,7,None,Individual,1
35,4,None,Individual,1
36,6,None,Individual,1
37,3,None,Individual,1
38,2,None,Individual,1
39,5,None,Individual,1
40,2,None,Individual,1
41,6,None,Individual,1
42,2,None,Individual,1
43,3,None,Individual,1
44,4,None,Individual,1
45,4,None,Individual,1
46,2,None,Individual,1
47,3,None,Individual,1
48,3,None,Individual,1
49,4,None,Individual,1
50,7,None,Individual,1
51,5,None,Individual,2
52,6,None,Individual,2
53,5,None,Individual,2
54,4,None,Individual,2
55,8,None,Individual,2
56,4,None,Individual,2
57,4,None,Individual,2
58,2,None,Individual,2
59,3,None,Individual,2
60,4,None,Individual,2
61,8,None,Individual,2
62,4,None,Individual,2
63,5,None,Individual,2
64,3,None,Individual,2
65,4,None,Individual,2
66,2,None,Individual,2
67,7,None,Individual,2
68,8,None,Individual,2
69,3,None,Individual,2
70,4,None,Individual,2
71,3,None,Individual,2
72,7,None,Individual,2
73,3,None,Individual,2
74,6,None,Individual,2
75,4,None,Individual,2
76,2,None,Individual,2
77,6,None,Individual,2
78,2,None,Individual,2
79,3,None,Individual,2
80,5,None,Individual,2
81,4,None,Individual,2
82,2,None,Individual,2
83,3,None,Individual,2
84,3,None,Individual,2
85,3,None,Individual,2
86,5,None,Individual,2
87,3,None,Individual,2
88,3,None,Individual,2
89,6,None,Individual,2
90,3,None,Individual,2
91,7,None,Individual,2
92,2,None,Individual,2
93,3,None,Individual,2
94,3,None,Individual,2
95,2,None,Individual,2
96,8,None,Individual,2
97,2,None,Individual,2
98,2,None,Individual,2
99,4,None,Individual,2
100,5,None,Individual,2
101,4,None,Individual,3
102,3,None,Individual,3
103,5,None,Individual,3
104,3,None,Individual,3
105,5,None,Individual,3
106,6,None,Individual,3
107,2,None,Individual,3
108,2,None,Individual,3
109,3,None,Individual,3
110,4,None,Individual,3
111,6,None,Individual,3
112,7,None,Individual,3
113,3,None,Individual,3
114,3,None,Individual,3
115,6,None,Individual,3
116,3,None,Individual,3
117,9,None,Individual,3
118,3,None,Individual,3
119,2,None,Individual,3
120,3,None,Individual,3
121,4,None,Individual,3
122,3,None,Individual,3
123,6,None,Individual,3
124,4,None,Individual,3
125,3,None,Individual,3
126,2,None,Individual,3
127,7,None,Individual,3
128,3,None,Individual,3
129,2,None,Individual,3
130,2,None,Individual,3
131,3,None,Individual,3
132,3,None,Individual,3
133,2,None,Individual,3
134,5,None,Individual,3
135,2,None,Individual,3
136,4,None,Individual,3
137,3,None,Individual,3
138,2,None,Individual,3
139,5,None,Individual,3
140,6,None,Individual,3
141,2,None,Individual,3
142,2,None,Individual,3
143,2,None,Individual,3
144,7,None,Individual,3
145,2,None,Individual,3
146,8,None,Individual,3
147,4,None,Individual,3
148,3,None,Individual,3
149,4,None,Individual,3
150,4,None,Individual,3
151,2,None,Individual,4
152,3,None,Individual,4
153,4,None,Individual,4
154,3,None,Individual,4
155,3,None,Individual,4
156,2,None,Individual,4
157,7,None,Individual,4
158,2,None,Individual,4
159,4,None,Individual,4
160,4,None,Individual,4
161,5,None,Individual,4
162,4,None,Individual,4
163,6,None,Individual,4
164,4,None,Individual,4
165,4,None,Individual,4
166,4,None,Individual,4
167,3,None,Individual,4
168,3,None,Individual,4
169,3,None,Individual,4
170,4,None,Individual,4
171,3,None,Individual,4
172,3,None,Individual,4
173,4,None,Individual,4
174,4,None,Individual,4
175,3,None,Individual,4
176,2,None,Individual,4
177,3,None,Individual,4
178,3,None,Individual,4
179,7,None,Individual,4
180,4,None,Individual,4
181,2,None,Individual,4
182,3,None,Individual,4
183,3,None,Individual,4
184,5,None,Individual,4
185,2,None,Individual,4
186,3,None,Individual,4
187,4,None,Individual,4
188,3,None,Individual,4
189,2,None,Individual,4
190,4,None,Individual,4
191,3,None,Individual,4
192,4,None,Individual,4
193,5,None,Individual,4
194,4,None,Individual,4
195,2,None,Individual,4
196,3,None,Individual,4
197,4,None,Individual,4
198,4,None,Individual,4
199,5,None,Individual,4
200,2,None,Individual,4
1,2,None,None,1
2,3,None,None,1
3,3,None,None,1
4,5,None,None,1
5,3,None,None,1
6,6,None,None,1
7,3,None,None,1
8,4,None,None,1
9,3,None,None,1
10,4,None,None,1
11,3,None,None,1
12,4,None,None,1
13,2,None,None,1
14,3,None,None,1
15,8,None,None,1
16,4,None,None,1
17,4,None,None,1
18,5,None,None,1
19,2,None,None,1
20,3,None,None,1
21,3,None,None,1
22,6,None,None,1
23,4,None,None,1
24,6,None,None,1
25,6,None,None,1
26,6,None,None,1
27,3,None,None,1
28,2,None,None,1
29,5,None,None,1
30,2,None,None,1
31,2,None,None,1
32,4,None,None,1
33,5,None,None,1
34,5,None,None,1
35,8,None,None,1
36,4,None,None,1
37,6,None,None,1
38,2,None,None,1
39,3,None,None,1
40,5,None,None,1
41,5,None,None,1
42,3,None,None,1
43,2,None,None,1
44,9,None,None,1
45,2,None,None,1
46,4,None,None,1
47,3,None,None,1
48,3,None,None,1
49,3,None,None,1
50,5,None,None,1
51,4,None,None,2
52,2,None,None,2
53,3,None,None,2
54,2,None,None,2
55,5,None,None,2
56,4,None,None,2
57,7,None,None,2
58,3,None,None,2
59,3,None,None,2
60,3,None,None,2
61,8,None,None,2
62,7,None,None,2
63,4,None,None,2
64,5,None,None,2
65,2,None,None,2
66,3,None,None,2
67,4,None,None,2
68,3,None,None,2
69,8,None,None,2
70,3,None,None,2
71,3,None,None,2
72,7,None,None,2
73,3,None,None,2
74,2,None,None,2
75,3,None,None,2
76,4,None,None,2
77,6,None,None,2
78,3,None,None,2
79,6,None,None,2
80,2,None,None,2
81,3,None,None,2
82,5,None,None,2
83,3,None,None,2
84,6,None,None,2
85,4,None,None,2
86,3,None,None,2
87,5,None,None,2
88,2,None,None,2
89,3,None,None,2
90,3,None,None,2
91,4,None,None,2
92,3,None,None,2
93,2,None,None,2
94,5,None,None,2
95,7,None,None,2
96,5,None,None,2
97,3,None,None,2
98,2,None,None,2
99,5,None,None,2
100,5,None,None,2
101,3,None,None,3
102,4,None,None,3
103,4,None,None,3
104,4,None,None,3
105,3,None,None,3
106,3,None,None,3
107,5,None,None,3
108,3,None,None,3
109,2,None,None,3
110,2,None,None,3
111,7,None,None,3
112,3,None,None,3
113,5,None,None,3
114,3,None,None,3
115,6,None,None,3
116,4,None,None,3
117,2,None,None,3
118,3,None,None,3
119,3,None,None,3
120,4,None,None,3
121,6,None,None,3
122,7,None,None,3
123,3,None,None,3
124,4,None,None,3
125,7,None,None,3
126,4,None,None,3
127,3,None,None,3
128,5,None,None,3
129,4,None,None,3
130,5,None,None,3
131,3,None,None,3
132,4,None,None,3
133,2,None,None,3
134,4,None,None,3
135,2,None,None,3
136,4,None,None,3
137,4,None,None,3
138,3,None,None,3
139,3,None,None,3
140,6,None,None,3
141,3,None,None,3
142,4,None,None,3
143,3,None,None,3
144,6,None,None,3
145,3,None,None,3
146,2,None,None,3
147,7,None,None,3
148,3,None,None,3
149,2,None,None,3
150,3,None,None,3
151,5,None,None,4
152,2,None,None,4
153,8,None,None,4
154,2,None,None,4
155,5,None,None,4
156,3,None,None,4
157,2,None,None,4
158,3,None,None,4
159,3,None,None,4
160,5,None,None,4
161,5,None,None,4
162,5,None,None,4
163,2,None,None,4
164,3,None,None,4
165,4,None,None,4
166,3,None,None,4
167,6,None,None,4
168,3,None,None,4
169,4,None,None,4
170,2,None,None,4
171,6,None,None,4
172,3,None,None,4
173,3,None,None,4
174,7,None,None,4
175,2,None,None,4
176,2,None,None,4
177,7,None,None,4
178,3,None,None,4
179,4,None,None,4
180,2,None,None,4
181,4,None,None,4
182,2,None,None,4
183,4,None,None,4
184,7,None,None,4
185,5,None,None,4
186,4,None,None,4
187,3,None,None,4
188,2,None,None,4
189,4,None,None,4
190,5,None,None,4
191,4,None,None,4
192,6,None,None,4
193,3,None,None,4
194,5,None,None,4
195,11,None,None,4
196,2,None,None,4
197,3,None,None,4
198,9,None,None,4
199,3,None,None,4
200,2,None,None,4
1,6,None,Shared,1
2,3,None,Shared,1
3,6,None,Shared,1
4,5,None,Shared,1
5,3,None,Shared,1
6,3,None,Shared,1
7,3,None,Shared,1
8,2,None,Shared,1
9,6,None,Shared,1
10,5,None,Shared,1
11,2,None,Shared,1
12,7,None,Shared,1
13,7,None,Shared,1
14,7,None,Shared,1
15,3,None,Shared,1
16,3,None,Shared,1
17,2,None,Shared,1
18,2,None,Shared,1
19,7,None,Shared,1
20,2,None,Shared,1
21,2,None,Shared,1
22,6,None,Shared,1
23,3,None,Shared,1
24,6,None,Shared,1
25,5,None,Shared,1
26,2,None,Shared,1
27,2,None,Shared,1
28,5,None,Shared,1
29,5,None,Shared,1
30,3,None,Shared,1
31,3,None,Shared,1
32,3,None,Shared,1
33,10,None,Shared,1
34,4,None,Shared,1
35,6,None,Shared,1
36,4,None,Shared,1
37,3,None,Shared,1
38,3,None,Shared,1
39,3,None,Shared,1
40,4,None,Shared,1
41,4,None,Shared,1
42,3,None,Shared,1
43,4,None,Shared,1
44,3,None,Shared,1
45,2,None,Shared,1
46,3,None,Shared,1
47,3,None,Shared,1
48,5,None,Shared,1
49,4,None,Shared,1
50,3,None,Shared,1
51,4,None,Shared,2
52,9,None,Shared,2
53,2,None,Shared,2
54,3,None,Shared,2
55,3,None,Shared,2
56,3,None,Shared,2
57,8,None,Shared,2
58,7,None,Shared,2
59,2,None,Shared,2
60,4,None,Shared,2
61,10,None,Shared,2
62,3,None,Shared,2
63,3,None,Shared,2
64,4,None,Shared,2
65,3,None,Shared,2
66,3,None,Shared,2
67,3,None,Shared,2
68,3,None,Shared,2
69,3,None,Shared,2
70,3,None,Shared,2
71,2,None,Shared,2
72,3,None,Shared,2
73,3,None,Shared,2
74,8,None,Shared,2
75,4,None,Shared,2
76,4,None,Shared,2
77,3,None,Shared,2
78,4,None,Shared,2
79,4,None,Shared,2
80,3,None,Shared,2
81,6,None,Shared,2
82,4,None,Shared,2
83,5,None,Shared,2
84,3,None,Shared,2
85,2,None,Shared,2
86,4,None,Shared,2
87,3,None,Shared,2
88,4,None,Shared,2
89,3,None,Shared,2
90,5,None,Shared,2
91,5,None,Shared,2
92,4,None,Shared,2
93,6,None,Shared,2
94,3,None,Shared,2
95,3,None,Shared,2
96,4,None,Shared,2
97,4,None,Shared,2
98,4,None,Shared,2
99,2,None,Shared,2
100,4,None,Shared,2
101,4,None,Shared,3
102,3,None,Shared,3
103,3,None,Shared,3
104,2,None,Shared,3
105,2,None,Shared,3
106,7,None,Shared,3
107,4,None,Shared,3
108,4,None,Shared,3
109,4,None,Shared,3
110,4,None,Shared,3
111,2,None,Shared,3
112,4,None,Shared,3
113,2,None,Shared,3
114,9,None,Shared,3
115,4,None,Shared,3
116,4,None,Shared,3
117,2,None,Shared,3
118,3,None,Shared,3
119,5,None,Shared,3
120,3,None,Shared,3
121,5,None,Shared,3
122,3,None,Shared,3
123,3,None,Shared,3
124,3,None,Shared,3
125,8,None,Shared,3
126,5,None,Shared,3
127,3,None,Shared,3
128,3,None,Shared,3
129,3,None,Shared,3
130,3,None,Shared,3
131,4,None,Shared,3
132,6,None,Shared,3
133,2,None,Shared,3
134,5,None,Shared,3
135,3,None,Shared,3
136,2,None,Shared,3
137,3,None,Shared,3
138,4,None,Shared,3
139,4,None,Shared,3
140,4,None,Shared,3
141,3,None,Shared,3
142,3,None,Shared,3
143,4,None,Shared,3
144,5,None,Shared,3
145,5,None,Shared,3
146,3,None,Shared,3
147,4,None,Shared,3
148,7,None,Shared,3
149,6,None,Shared,3
150,2,None,Shared,3
151,3,None,Shared,4
152,4,None,Shared,4
153,3,None,Shared,4
154,3,None,Shared,4
155,4,None,Shared,4
156,3,None,Shared,4
157,3,None,Shared,4
158,5,None,Shared,4
159,4,None,Shared,4
160,6,None,Shared,4
161,3,None,Shared,4
162,3,None,Shared,4
163,4,None,Shared,4
164,3,None,Shared,4
165,2,None,Shared,4
166,3,None,Shared,4
167,4,None,Shared,4
168,4,None,Shared,4
169,3,None,Shared,4
170,4,None,Shared,4
171,4,None,Shared,4
172,6,None,Shared,4
173,3,None,Shared,4
174,9,None,Shared,4
175,7,None,Shared,4
176,3,None,Shared,4
177,7,None,Shared,4
178,3,None,Shared,4
179,5,None,Shared,4
180,3,None,Shared,4
181,3,None,Shared,4
182,8,None,Shared,4
183,5,None,Shared,4
184,3,None,Shared,4
185,8,None,Shared,4
186,6,None,Shared,4
187,4,None,Shared,4
188,5,None,Shared,4
189,3,None,Shared,4
190,3,None,Shared,4
191,3,None,Shared,4
192,3,None,Shared,4
193,6,None,Shared,4
194,3,None,Shared,4
195,4,None,Shared,4
196,4,None,Shared,4
197,5,None,Shared,4
198,3,None,Shared,4
199,3,None,Shared,4
200,3,None,Shared,4
1,2,Pred,Individual,1
2,5,Pred,Individual,1
3,4,Pred,Individual,1
4,4,Pred,Individual,1
5,4,Pred,Individual,1
6,3,Pred,Individual,1
7,3,Pred,Individual,1
8,3,Pred,Individual,1
9,2,Pred,Individual,1
10,3,Pred,Individual,1
11,3,Pred,Individual,1
12,2,Pred,Individual,1
13,3,Pred,Individual,1
14,3,Pred,Individual,1
15,8,Pred,Individual,1
16,4,Pred,Individual,1
17,4,Pred,Individual,1
18,3,Pred,Individual,1
19,3,Pred,Individual,1
20,4,Pred,Individual,1
21,2,Pred,Individual,1
22,4,Pred,Individual,1
23,2,Pred,Individual,1
24,2,Pred,Individual,1
25,4,Pred,Individual,1
26,4,Pred,Individual,1
27,5,Pred,Individual,1
28,3,Pred,Individual,1
29,4,Pred,Individual,1
30,4,Pred,Individual,1
31,2,Pred,Individual,1
32,7,Pred,Individual,1
33,2,Pred,Individual,1
34,2,Pred,Individual,1
35,4,Pred,Individual,1
36,3,Pred,Individual,1
37,3,Pred,Individual,1
38,2,Pred,Individual,1
39,3,Pred,Individual,1
40,5,Pred,Individual,1
41,5,Pred,Individual,1
42,3,Pred,Individual,1
43,6,Pred,Individual,1
44,2,Pred,Individual,1
45,3,Pred,Individual,1
46,6,Pred,Individual,1
47,3,Pred,Individual,1
48,5,Pred,Individual,1
49,4,Pred,Individual,1
50,4,Pred,Individual,1
51,5,Pred,Individual,2
52,8,Pred,Individual,2
53,3,Pred,Individual,2
54,3,Pred,Individual,2
55,2,Pred,Individual,2
56,4,Pred,Individual,2
57,3,Pred,Individual,2
58,6,Pred,Individual,2
59,3,Pred,Individual,2
60,4,Pred,Individual,2
61,3,Pred,Individual,2
62,3,Pred,Individual,2
63,3,Pred,Individual,2
64,4,Pred,Individual,2
65,5,Pred,Individual,2
66,3,Pred,Individual,2
67,5,Pred,Individual,2
68,3,Pred,Individual,2
69,6,Pred,Individual,2
70,3,Pred,Individual,2
71,3,Pred,Individual,2
72,2,Pred,Individual,2
73,3,Pred,Individual,2
74,4,Pred,Individual,2
75,4,Pred,Individual,2
76,3,Pred,Individual,2
77,8,Pred,Individual,2
78,2,Pred,Individual,2
79,3,Pred,Individual,2
80,5,Pred,Individual,2
81,3,Pred,Individual,2
82,5,Pred,Individual,2
83,4,Pred,Individual,2
84,3,Pred,Individual,2
85,5,Pred,Individual,2
86,5,Pred,Individual,2
87,3,Pred,Individual,2
88,3,Pred,Individual,2
89,3,Pred,Individual,2
90,7,Pred,Individual,2
91,3,Pred,Individual,2
92,3,Pred,Individual,2
93,3,Pred,Individual,2
94,4,Pred,Individual,2
95,5,Pred,Individual,2
96,4,Pred,Individual,2
97,2,Pred,Individual,2
98,9,Pred,Individual,2
99,3,Pred,Individual,2
100,5,Pred,Individual,2
101,3,Pred,Individual,3
102,3,Pred,Individual,3
103,2,Pred,Individual,3
104,6,Pred,Individual,3
105,3,Pred,Individual,3
106,5,Pred,Individual,3
107,3,Pred,Individual,3
108,5,Pred,Individual,3
109,4,Pred,Individual,3
110,4,Pred,Individual,3
111,3,Pred,Individual,3
112,8,Pred,Individual,3
113,8,Pred,Individual,3
114,3,Pred,Individual,3
115,3,Pred,Individual,3
116,5,Pred,Individual,3
117,3,Pred,Individual,3
118,3,Pred,Individual,3
119,2,Pred,Individual,3
120,3,Pred,Individual,3
121,5,Pred,Individual,3
122,4,Pred,Individual,3
123,3,Pred,Individual,3
124,2,Pred,Individual,3
125,2,Pred,Individual,3
126,2,Pred,Individual,3
127,2,Pred,Individual,3
128,8,Pred,Individual,3
129,3,Pred,Individual,3
130,6,Pred,Individual,3
131,8,Pred,Individual,3
132,4,Pred,Individual,3
133,5,Pred,Individual,3
134,4,Pred,Individual,3
135,4,Pred,Individual,3
136,3,Pred,Individual,3
137,2,Pred,Individual,3
138,3,Pred,Individual,3
139,2,Pred,Individual,3
140,3,Pred,Individual,3
141,4,Pred,Individual,3
142,4,Pred,Individual,3
143,4,Pred,Individual,3
144,4,Pred,Individual,3
145,3,Pred,Individual,3
146,7,Pred,Individual,3
147,2,Pred,Individual,3
148,4,Pred,Individual,3
149,3,Pred,Individual,3
150,5,Pred,Individual,3
151,5,Pred,Individual,4
152,5,Pred,Individual,4
153,7,Pred,Individual,4
154,3,Pred,Individual,4
155,3,Pred,Individual,4
156,7,Pred,Individual,4
157,3,Pred,Individual,4
158,4,Pred,Individual,4
159,4,Pred,Individual,4
160,4,Pred,Individual,4
161,3,Pred,Individual,4
162,4,Pred,Individual,4
163,4,Pred,Individual,4
164,4,Pred,Individual,4
165,4,Pred,Individual,4
166,5,Pred,Individual,4
167,3,Pred,Individual,4
168,4,Pred,Individual,4
169,4,Pred,Individual,4
170,8,Pred,Individual,4
171,3,Pred,Individual,4
172,4,Pred,Individual,4
173,4,Pred,Individual,4
174,3,Pred,Individual,4
175,4,Pred,Individual,4
176,5,Pred,Individual,4
177,4,Pred,Individual,4
178,6,Pred,Individual,4
179,4,Pred,Individual,4
180,4,Pred,Individual,4
181,3,Pred,Individual,4
182,5,Pred,Individual,4
183,3,Pred,Individual,4
184,2,Pred,Individual,4
185,5,Pred,Individual,4
186,3,Pred,Individual,4
187,3,Pred,Individual,4
188,3,Pred,Individual,4
189,4,Pred,Individual,4
190,4,Pred,Individual,4
191,4,Pred,Individual,4
192,6,Pred,Individual,4
193,3,Pred,Individual,4
194,3,Pred,Individual,4
195,3,Pred,Individual,4
196,3,Pred,Individual,4
197,4,Pred,Individual,4
198,4,Pred,Individual,4
199,3,Pred,Individual,4
200,2,Pred,Individual,4
1,3,Pred,None,1
2,2,Pred,None,1
3,3,Pred,None,1
4,4,Pred,None,1
5,2,Pred,None,1
6,2,Pred,None,1
7,3,Pred,None,1
8,3,Pred,None,1
9,5,Pred,None,1
10,2,Pred,None,1
11,3,Pred,None,1
12,2,Pred,None,1
13,4,Pred,None,1
14,5,Pred,None,1
15,4,Pred,None,1
16,5,Pred,None,1
17,3,Pred,None,1
18,2,Pred,None,1
19,6,Pred,None,1
20,5,Pred,None,1
21,4,Pred,None,1
22,3,Pred,None,1
23,3,Pred,None,1
24,7,Pred,None,1
25,3,Pred,None,1
26,3,Pred,None,1
27,4,Pred,None,1
28,4,Pred,None,1
29,4,Pred,None,1
30,2,Pred,None,1
31,4,Pred,None,1
32,3,Pred,None,1
33,4,Pred,None,1
34,3,Pred,None,1
35,3,Pred,None,1
36,3,Pred,None,1
37,5,Pred,None,1
38,3,Pred,None,1
39,4,Pred,None,1
40,7,Pred,None,1
41,7,Pred,None,1
42,4,Pred,None,1
43,2,Pred,None,1
44,3,Pred,None,1
45,4,Pred,None,1
46,3,Pred,None,1
47,2,Pred,None,1
48,3,Pred,None,1
49,9,Pred,None,1
50,5,Pred,None,1
51,2,Pred,None,2
52,3,Pred,None,2
53,3,Pred,None,2
54,3,Pred,None,2
55,5,Pred,None,2
56,4,Pred,None,2
57,3,Pred,None,2
58,3,Pred,None,2
59,4,Pred,None,2
60,5,Pred,None,2
61,5,Pred,None,2
62,3,Pred,None,2
63,2,Pred,None,2
64,7,Pred,None,2
65,3,Pred,None,2
66,5,Pred,None,2
67,5,Pred,None,2
68,10,Pred,None,2
69,6,Pred,None,2
70,3,Pred,None,2
71,4,Pred,None,2
72,2,Pred,None,2
73,6,Pred,None,2
74,5,Pred,None,2
75,3,Pred,None,2
76,5,Pred,None,2
77,3,Pred,None,2
78,2,Pred,None,2
79,2,Pred,None,2
80,5,Pred,None,2
81,7,Pred,None,2
82,5,Pred,None,2
83,2,Pred,None,2
84,3,Pred,None,2
85,2,Pred,None,2
86,3,Pred,None,2
87,2,Pred,None,2
88,5,Pred,None,2
89,3,Pred,None,2
90,3,Pred,None,2
91,8,Pred,None,2
92,5,Pred,None,2
93,8,Pred,None,2
94,3,Pred,None,2
95,3,Pred,None,2
96,3,Pred,None,2
97,2,Pred,None,2
98,4,Pred,None,2
99,3,Pred,None,2
100,3,Pred,None,2
101,2,Pred,None,3
102,4,Pred,None,3
103,4,Pred,None,3
104,4,Pred,None,3
105,3,Pred,None,3
106,3,Pred,None,3
107,8,Pred,None,3
108,3,Pred,None,3
109,6,Pred,None,3
110,5,Pred,None,3
111,3,Pred,None,3
112,4,Pred,None,3
113,2,Pred,None,3
114,4,Pred,None,3
115,4,Pred,None,3
116,3,Pred,None,3
117,4,Pred,None,3
118,7,Pred,None,3
119,3,Pred,None,3
120,3,Pred,None,3
121,4,Pred,None,3
122,5,Pred,None,3
123,2,Pred,None,3
124,2,Pred,None,3
125,2,Pred,None,3
126,4,Pred,None,3
127,3,Pred,None,3
128,2,Pred,None,3
129,2,Pred,None,3
130,7,Pred,None,3
131,4,Pred,None,3
132,5,Pred,None,3
133,4,Pred,None,3
134,6,Pred,None,3
135,3,Pred,None,3
136,4,Pred,None,3
137,3,Pred,None,3
138,6,Pred,None,3
139,3,Pred,None,3
140,3,Pred,None,3
141,3,Pred,None,3
142,2,Pred,None,3
143,4,Pred,None,3
144,6,Pred,None,3
145,4,Pred,None,3
146,2,Pred,None,3
147,3,Pred,None,3
148,3,Pred,None,3
149,4,Pred,None,3
150,3,Pred,None,3
151,3,Pred,None,4
152,4,Pred,None,4
153,5,Pred,None,4
154,4,Pred,None,4
155,3,Pred,None,4
156,4,Pred,None,4
157,3,Pred,None,4
158,4,Pred,None,4
159,4,Pred,None,4
160,4,Pred,None,4
161,2,Pred,None,4
162,3,Pred,None,4
163,6,Pred,None,4
164,3,Pred,None,4
165,3,Pred,None,4
166,3,Pred,None,4
167,5,Pred,None,4
168,2,Pred,None,4
169,3,Pred,None,4
170,3,Pred,None,4
171,6,Pred,None,4
172,3,Pred,None,4
173,5,Pred,None,4
174,3,Pred,None,4
175,7,Pred,None,4
176,3,Pred,None,4
177,7,Pred,None,4
178,3,Pred,None,4
179,4,Pred,None,4
180,4,Pred,None,4
181,4,Pred,None,4
182,3,Pred,None,4
183,5,Pred,None,4
184,4,Pred,None,4
185,3,Pred,None,4
186,4,Pred,None,4
187,3,Pred,None,4
188,4,Pred,None,4
189,5,Pred,None,4
190,10,Pred,None,4
191,5,Pred,None,4
192,3,Pred,None,4
193,4,Pred,None,4
194,4,Pred,None,4
195,5,Pred,None,4
196,3,Pred,None,4
197,5,Pred,None,4
198,6,Pred,None,4
199,5,Pred,None,4
200,3,Pred,None,4
1,3,Pred,Shared,1
2,2,Pred,Shared,1
3,2,Pred,Shared,1
4,3,Pred,Shared,1
5,2,Pred,Shared,1
6,4,Pred,Shared,1
7,5,Pred,Shared,1
8,5,Pred,Shared,1
9,2,Pred,Shared,1
10,2,Pred,Shared,1
11,4,Pred,Shared,1
12,4,Pred,Shared,1
13,3,Pred,Shared,1
14,2,Pred,Shared,1
15,2,Pred,Shared,1
16,4,Pred,Shared,1
17,4,Pred,Shared,1
18,3,Pred,Shared,1
19,5,Pred,Shared,1
20,5,Pred,Shared,1
21,7,Pred,Shared,1
22,3,Pred,Shared,1
23,2,Pred,Shared,1
24,3,Pred,Shared,1
25,7,Pred,Shared,1
26,2,Pred,Shared,1
27,5,Pred,Shared,1
28,6,Pred,Shared,1
29,5,Pred,Shared,1
30,11,Pred,Shared,1
31,3,Pred,Shared,1
32,2,Pred,Shared,1
33,6,Pred,Shared,1
34,3,Pred,Shared,1
35,3,Pred,Shared,1
36,4,Pred,Shared,1
37,3,Pred,Shared,1
38,7,Pred,Shared,1
39,7,Pred,Shared,1
40,3,Pred,Shared,1
41,4,Pred,Shared,1
42,3,Pred,Shared,1
43,3,Pred,Shared,1
44,3,Pred,Shared,1
45,4,Pred,Shared,1
46,5,Pred,Shared,1
47,4,Pred,Shared,1
48,3,Pred,Shared,1
49,2,Pred,Shared,1
50,4,Pred,Shared,1
51,2,Pred,Shared,2
52,4,Pred,Shared,2
53,6,Pred,Shared,2
54,3,Pred,Shared,2
55,3,Pred,Shared,2
56,3,Pred,Shared,2
57,5,Pred,Shared,2
58,2,Pred,Shared,2
59,6,Pred,Shared,2
60,8,Pred,Shared,2
61,3,Pred,Shared,2
62,3,Pred,Shared,2
63,3,Pred,Shared,2
64,2,Pred,Shared,2
65,6,Pred,Shared,2
66,4,Pred,Shared,2
67,6,Pred,Shared,2
68,7,Pred,Shared,2
69,3,Pred,Shared,2
70,4,Pred,Shared,2
71,8,Pred,Shared,2
72,4,Pred,Shared,2
73,3,Pred,Shared,2
74,2,Pred,Shared,2
75,4,Pred,Shared,2
76,3,Pred,Shared,2
77,8,Pred,Shared,2
78,4,Pred,Shared,2
79,3,Pred,Shared,2
80,5,Pred,Shared,2
81,4,Pred,Shared,2
82,3,Pred,Shared,2
83,2,Pred,Shared,2
84,4,Pred,Shared,2
85,5,Pred,Shared,2
86,3,Pred,Shared,2
87,3,Pred,Shared,2
88,4,Pred,Shared,2
89,6,Pred,Shared,2
90,3,Pred,Shared,2
91,4,Pred,Shared,2
92,3,Pred,Shared,2
93,3,Pred,Shared,2
94,3,Pred,Shared,2
95,3,Pred,Shared,2
96,2,Pred,Shared,2
97,2,Pred,Shared,2
98,3,Pred,Shared,2
99,3,Pred,Shared,2
100,3,Pred,Shared,2
101,4,Pred,Shared,3
102,2,Pred,Shared,3
103,4,Pred,Shared,3
104,2,Pred,Shared,3
105,6,Pred,Shared,3
106,3,Pred,Shared,3
107,4,Pred,Shared,3
108,2,Pred,Shared,3
109,6,Pred,Shared,3
110,5,Pred,Shared,3
111,3,Pred,Shared,3
112,4,Pred,Shared,3
113,3,Pred,Shared,3
114,2,Pred,Shared,3
115,8,Pred,Shared,3
116,4,Pred,Shared,3
117,5,Pred,Shared,3
118,7,Pred,Shared,3
119,3,Pred,Shared,3
120,2,Pred,Shared,3
121,6,Pred,Shared,3
122,3,Pred,Shared,3
123,4,Pred,Shared,3
124,2,Pred,Shared,3
125,3,Pred,Shared,3
126,3,Pred,Shared,3
127,4,Pred,Shared,3
128,4,Pred,Shared,3
129,2,Pred,Shared,3
130,3,Pred,Shared,3
131,2,Pred,Shared,3
132,3,Pred,Shared,3
133,5,Pred,Shared,3
134,4,Pred,Shared,3
135,4,Pred,Shared,3
136,3,Pred,Shared,3
137,6,Pred,Shared,3
138,3,Pred,Shared,3
139,2,Pred,Shared,3
140,8,Pred,Shared,3
141,8,Pred,Shared,3
142,3,Pred,Shared,3
143,4,Pred,Shared,3
144,4,Pred,Shared,3
145,4,Pred,Shared,3
146,2,Pred,Shared,3
147,2,Pred,Shared,3
148,3,Pred,Shared,3
149,4,Pred,Shared,3
150,3,Pred,Shared,3
151,3,Pred,Shared,4
152,2,Pred,Shared,4
153,8,Pred,Shared,4
154,3,Pred,Shared,4
155,3,Pred,Shared,4
156,4,Pred,Shared,4
157,3,Pred,Shared,4
158,4,Pred,Shared,4
159,2,Pred,Shared,4
160,5,Pred,Shared,4
161,2,Pred,Shared,4
162,5,Pred,Shared,4
163,3,Pred,Shared,4
164,3,Pred,Shared,4
165,4,Pred,Shared,4
166,3,Pred,Shared,4
167,4,Pred,Shared,4
168,3,Pred,Shared,4
169,4,Pred,Shared,4
170,8,Pred,Shared,4
171,4,Pred,Shared,4
172,3,Pred,Shared,4
173,7,Pred,Shared,4
174,6,Pred,Shared,4
175,4,Pred,Shared,4
176,3,Pred,Shared,4
177,2,Pred,Shared,4
178,4,Pred,Shared,4
179,4,Pred,Shared,4
180,3,Pred,Shared,4
181,3,Pred,Shared,4
182,3,Pred,Shared,4
183,3,Pred,Shared,4
184,4,Pred,Shared,4
185,3,Pred,Shared,4
186,3,Pred,Shared,4
187,2,Pred,Shared,4
188,4,Pred,Shared,4
189,3,Pred,Shared,4
190,7,Pred,Shared,4
191,5,Pred,Shared,4
192,3,Pred,Shared,4
193,3,Pred,Shared,4
194,4,Pred,Shared,4
195,4,Pred,Shared,4
196,6,Pred,Shared,4
197,4,Pred,Shared,4
198,4,Pred,Shared,4
199,3,Pred,Shared,4
200,2,Pred,Shared,4
1,4,Prey,Individual,1
2,4,Prey,Individual,1
3,3,Prey,Individual,1
4,3,Prey,Individual,1
5,2,Prey,Individual,1
6,7,Prey,Individual,1
7,3,Prey,Individual,1
8,3,Prey,Individual,1
9,5,Prey,Individual,1
10,3,Prey,Individual,1
11,2,Prey,Individual,1
12,3,Prey,Individual,1
13,3,Prey,Individual,1
14,3,Prey,Individual,1
15,4,Prey,Individual,1
16,4,Prey,Individual,1
17,3,Prey,Individual,1
18,4,Prey,Individual,1
19,5,Prey,Individual,1
20,3,Prey,Individual,1
21,5,Prey,Individual,1
22,3,Prey,Individual,1
23,8,Prey,Individual,1
24,5,Prey,Individual,1
25,7,Prey,Individual,1
26,3,Prey,Individual,1
27,3,Prey,Individual,1
28,2,Prey,Individual,1
29,3,Prey,Individual,1
30,3,Prey,Individual,1
31,4,Prey,Individual,1
32,4,Prey,Individual,1
33,3,Prey,Individual,1
34,3,Prey,Individual,1
35,5,Prey,Individual,1
36,3,Prey,Individual,1
37,3,Prey,Individual,1
38,4,Prey,Individual,1
39,5,Prey,Individual,1
40,3,Prey,Individual,1
41,5,Prey,Individual,1
42,2,Prey,Individual,1
43,3,Prey,Individual,1
44,3,Prey,Individual,1
45,2,Prey,Individual,1
46,2,Prey,Individual,1
47,3,Prey,Individual,1
48,4,Prey,Individual,1
49,3,Prey,Individual,1
50,3,Prey,Individual,1
51,2,Prey,Individual,2
52,5,Prey,Individual,2
53,5,Prey,Individual,2
54,4,Prey,Individual,2
55,3,Prey,Individual,2
56,5,Prey,Individual,2
57,2,Prey,Individual,2
58,10,Prey,Individual,2
59,3,Prey,Individual,2
60,2,Prey,Individual,2
61,2,Prey,Individual,2
62,3,Prey,Individual,2
63,4,Prey,Individual,2
64,5,Prey,Individual,2
65,2,Prey,Individual,2
66,2,Prey,Individual,2
67,2,Prey,Individual,2
68,4,Prey,Individual,2
69,5,Prey,Individual,2
70,2,Prey,Individual,2
71,3,Prey,Individual,2
72,3,Prey,Individual,2
73,7,Prey,Individual,2
74,3,Prey,Individual,2
75,6,Prey,Individual,2
76,8,Prey,Individual,2
77,3,Prey,Individual,2
78,8,Prey,Individual,2
79,9,Prey,Individual,2
80,3,Prey,Individual,2
81,3,Prey,Individual,2
82,2,Prey,Individual,2
83,9,Prey,Individual,2
84,3,Prey,Individual,2
85,3,Prey,Individual,2
86,3,Prey,Individual,2
87,3,Prey,Individual,2
88,4,Prey,Individual,2
89,6,Prey,Individual,2
90,3,Prey,Individual,2
91,3,Prey,Individual,2
92,3,Prey,Individual,2
93,7,Prey,Individual,2
94,2,Prey,Individual,2
95,4,Prey,Individual,2
96,4,Prey,Individual,2
97,3,Prey,Individual,2
98,2,Prey,Individual,2
99,4,Prey,Individual,2
100,2,Prey,Individual,2
101,3,Prey,Individual,3
102,4,Prey,Individual,3
103,5,Prey,Individual,3
104,4,Prey,Individual,3
105,2,Prey,Individual,3
106,3,Prey,Individual,3
107,3,Prey,Individual,3
108,3,Prey,Individual,3
109,5,Prey,Individual,3
110,2,Prey,Individual,3
111,5,Prey,Individual,3
112,3,Prey,Individual,3
113,2,Prey,Individual,3
114,3,Prey,Individual,3
115,2,Prey,Individual,3
116,2,Prey,Individual,3
117,4,Prey,Individual,3
118,3,Prey,Individual,3
119,3,Prey,Individual,3
120,3,Prey,Individual,3
121,2,Prey,Individual,3
122,2,Prey,Individual,3
123,10,Prey,Individual,3
124,3,Prey,Individual,3
125,4,Prey,Individual,3
126,4,Prey,Individual,3
127,3,Prey,Individual,3
128,3,Prey,Individual,3
129,2,Prey,Individual,3
130,2,Prey,Individual,3
131,3,Prey,Individual,3
132,3,Prey,Individual,3
133,3,Prey,Individual,3
134,4,Prey,Individual,3
135,5,Prey,Individual,3
136,5,Prey,Individual,3
137,3,Prey,Individual,3
138,2,Prey,Individual,3
139,4,Prey,Individual,3
140,2,Prey,Individual,3
141,4,Prey,Individual,3
142,3,Prey,Individual,3
143,2,Prey,Individual,3
144,4,Prey,Individual,3
145,4,Prey,Individual,3
146,5,Prey,Individual,3
147,7,Prey,Individual,3
148,2,Prey,Individual,3
149,3,Prey,Individual,3
150,3,Prey,Individual,3
151,5,Prey,Individual,4
152,3,Prey,Individual,4
153,6,Prey,Individual,4
154,3,Prey,Individual,4
155,4,Prey,Individual,4
156,4,Prey,Individual,4
157,2,Prey,Individual,4
158,2,Prey,Individual,4
159,3,Prey,Individual,4
160,3,Prey,Individual,4
161,8,Prey,Individual,4
162,3,Prey,Individual,4
163,3,Prey,Individual,4
164,3,Prey,Individual,4
165,7,Prey,Individual,4
166,5,Prey,Individual,4
167,3,Prey,Individual,4
168,6,Prey,Individual,4
169,2,Prey,Individual,4
170,3,Prey,Individual,4
171,6,Prey,Individual,4
172,2,Prey,Individual,4
173,4,Prey,Individual,4
174,3,Prey,Individual,4
175,4,Prey,Individual,4
176,5,Prey,Individual,4
177,3,Prey,Individual,4
178,4,Prey,Individual,4
179,4,Prey,Individual,4
180,4,Prey,Individual,4
181,3,Prey,Individual,4
182,5,Prey,Individual,4
183,3,Prey,Individual,4
184,3,Prey,Individual,4
185,4,Prey,Individual,4
186,3,Prey,Individual,4
187,4,Prey,Individual,4
188,3,Prey,Individual,4
189,3,Prey,Individual,4
190,4,Prey,Individual,4
191,4,Prey,Individual,4
192,3,Prey,Individual,4
193,3,Prey,Individual,4
194,2,Prey,Individual,4
195,2,Prey,Individual,4
196,3,Prey,Individual,4
197,6,Prey,Individual,4
198,2,Prey,Individual,4
199,2,Prey,Individual,4
200,4,Prey,Individual,4
1,5,Prey,None,1
2,3,Prey,None,1
3,4,Prey,None,1
4,3,Prey,None,1
5,3,Prey,None,1
6,4,Prey,None,1
7,3,Prey,None,1
8,5,Prey,None,1
9,2,Prey,None,1
10,5,Prey,None,1
11,3,Prey,None,1
12,2,Prey,None,1
13,3,Prey,None,1
14,3,Prey,None,1
15,4,Prey,None,1
16,8,Prey,None,1
17,3,Prey,None,1
18,4,Prey,None,1
19,3,Prey,None,1
20,7,Prey,None,1
21,9,Prey,None,1
22,3,Prey,None,1
23,5,Prey,None,1
24,2,Prey,None,1
25,3,Prey,None,1
26,2,Prey,None,1
27,5,Prey,None,1
28,2,Prey,None,1
29,5,Prey,None,1
30,3,Prey,None,1
31,2,Prey,None,1
32,8,Prey,None,1
33,4,Prey,None,1
34,2,Prey,None,1
35,5,Prey,None,1
36,4,Prey,None,1
37,2,Prey,None,1
38,3,Prey,None,1
39,3,Prey,None,1
40,4,Prey,None,1
41,2,Prey,None,1
42,5,Prey,None,1
43,3,Prey,None,1
44,4,Prey,None,1
45,4,Prey,None,1
46,5,Prey,None,1
47,3,Prey,None,1
48,5,Prey,None,1
49,6,Prey,None,1
50,3,Prey,None,1
51,3,Prey,None,2
52,2,Prey,None,2
53,6,Prey,None,2
54,3,Prey,None,2
55,3,Prey,None,2
56,3,Prey,None,2
57,2,Prey,None,2
58,7,Prey,None,2
59,8,Prey,None,2
60,2,Prey,None,2
61,2,Prey,None,2
62,2,Prey,None,2
63,6,Prey,None,2
64,3,Prey,None,2
65,4,Prey,None,2
66,5,Prey,None,2
67,4,Prey,None,2
68,2,Prey,None,2
69,4,Prey,None,2
70,9,Prey,None,2
71,2,Prey,None,2
72,3,Prey,None,2
73,2,Prey,None,2
74,3,Prey,None,2
75,7,Prey,None,2
76,3,Prey,None,2
77,3,Prey,None,2
78,4,Prey,None,2
79,2,Prey,None,2
80,2,Prey,None,2
81,2,Prey,None,2
82,3,Prey,None,2
83,3,Prey,None,2
84,3,Prey,None,2
85,7,Prey,None,2
86,4,Prey,None,2
87,6,Prey,None,2
88,2,Prey,None,2
89,3,Prey,None,2
90,4,Prey,None,2
91,3,Prey,None,2
92,2,Prey,None,2
93,2,Prey,None,2
94,8,Prey,None,2
95,3,Prey,None,2
96,3,Prey,None,2
97,7,Prey,None,2
98,2,Prey,None,2
99,3,Prey,None,2
100,4,Prey,None,2
101,3,Prey,None,3
102,3,Prey,None,3
103,2,Prey,None,3
104,3,Prey,None,3
105,8,Prey,None,3
106,3,Prey,None,3
107,5,Prey,None,3
108,3,Prey,None,3
109,3,Prey,None,3
110,3,Prey,None,3
111,2,Prey,None,3
112,2,Prey,None,3
113,4,Prey,None,3
114,4,Prey,None,3
115,3,Prey,None,3
116,3,Prey,None,3
117,6,Prey,None,3
118,3,Prey,None,3
119,3,Prey,None,3
120,5,Prey,None,3
121,3,Prey,None,3
122,3,Prey,None,3
123,4,Prey,None,3
124,4,Prey,None,3
125,3,Prey,None,3
126,6,Prey,None,3
127,4,Prey,None,3
128,3,Prey,None,3
129,4,Prey,None,3
130,5,Prey,None,3
131,3,Prey,None,3
132,2,Prey,None,3
133,3,Prey,None,3
134,6,Prey,None,3
135,2,Prey,None,3
136,4,Prey,None,3
137,5,Prey,None,3
138,5,Prey,None,3
139,7,Prey,None,3
140,3,Prey,None,3
141,5,Prey,None,3
142,6,Prey,None,3
143,4,Prey,None,3
144,3,Prey,None,3
145,3,Prey,None,3
146,2,Prey,None,3
147,6,Prey,None,3
148,6,Prey,None,3
149,4,Prey,None,3
150,2,Prey,None,3
151,3,Prey,None,4
152,2,Prey,None,4
153,4,Prey,None,4
154,2,Prey,None,4
155,4,Prey,None,4
156,5,Prey,None,4
157,4,Prey,None,4
158,4,Prey,None,4
159,5,Prey,None,4
160,4,Prey,None,4
161,8,Prey,None,4
162,4,Prey,None,4
163,4,Prey,None,4
164,3,Prey,None,4
165,3,Prey,None,4
166,3,Prey,None,4
167,5,Prey,None,4
168,3,Prey,None,4
169,2,Prey,None,4
170,4,Prey,None,4
171,3,Prey,None,4
172,9,Prey,None,4
173,4,Prey,None,4
174,4,Prey,None,4
175,3,Prey,None,4
176,5,Prey,None,4
177,3,Prey,None,4
178,6,Prey,None,4
179,3,Prey,None,4
180,4,Prey,None,4
181,5,Prey,None,4
182,2,Prey,None,4
183,3,Prey,None,4
184,4,Prey,None,4
185,2,Prey,None,4
186,3,Prey,None,4
187,3,Prey,None,4
188,9,Prey,None,4
189,3,Prey,None,4
190,4,Prey,None,4
191,4,Prey,None,4
192,3,Prey,None,4
193,4,Prey,None,4
194,5,Prey,None,4
195,3,Prey,None,4
196,4,Prey,None,4
197,3,Prey,None,4
198,3,Prey,None,4
199,5,Prey,None,4
200,5,Prey,None,4
1,2,Prey,Shared,1
2,8,Prey,Shared,1
3,4,Prey,Shared,1
4,3,Prey,Shared,1
5,3,Prey,Shared,1
6,4,Prey,Shared,1
7,5,Prey,Shared,1
8,2,Prey,Shared,1
9,3,Prey,Shared,1
10,5,Prey,Shared,1
11,3,Prey,Shared,1
12,4,Prey,Shared,1
13,3,Prey,Shared,1
14,3,Prey,Shared,1
15,2,Prey,Shared,1
16,4,Prey,Shared,1
17,3,Prey,Shared,1
18,4,Prey,Shared,1
19,4,Prey,Shared,1
20,3,Prey,Shared,1
21,3,Prey,Shared,1
22,2,Prey,Shared,1
23,2,Prey,Shared,1
24,4,Prey,Shared,1
25,5,Prey,Shared,1
26,4,Prey,Shared,1
27,3,Prey,Shared,1
28,2,Prey,Shared,1
29,2,Prey,Shared,1
30,3,Prey,Shared,1
31,4,Prey,Shared,1
32,3,Prey,Shared,1
33,3,Prey,Shared,1
34,3,Prey,Shared,1
35,2,Prey,Shared,1
36,3,Prey,Shared,1
37,3,Prey,Shared,1
38,2,Prey,Shared,1
39,2,Prey,Shared,1
40,4,Prey,Shared,1
41,4,Prey,Shared,1
42,2,Prey,Shared,1
43,3,Prey,Shared,1
44,3,Prey,Shared,1
45,3,Prey,Shared,1
46,3,Prey,Shared,1
47,3,Prey,Shared,1
48,3,Prey,Shared,1
49,4,Prey,Shared,1
50,3,Prey,Shared,1
51,4,Prey,Shared,2
52,3,Prey,Shared,2
53,2,Prey,Shared,2
54,3,Prey,Shared,2
55,2,Prey,Shared,2
56,3,Prey,Shared,2
57,3,Prey,Shared,2
58,2,Prey,Shared,2
59,3,Prey,Shared,2
60,2,Prey,Shared,2
61,2,Prey,Shared,2
62,2,Prey,Shared,2
63,5,Prey,Shared,2
64,4,Prey,Shared,2
65,2,Prey,Shared,2
66,4,Prey,Shared,2
67,3,Prey,Shared,2
68,4,Prey,Shared,2
69,3,Prey,Shared,2
70,3,Prey,Shared,2
71,3,Prey,Shared,2
72,4,Prey,Shared,2
73,3,Prey,Shared,2
74,4,Prey,Shared,2
75,4,Prey,Shared,2
76,6,Prey,Shared,2
77,3,Prey,Shared,2
78,4,Prey,Shared,2
79,2,Prey,Shared,2
80,2,Prey,Shared,2
81,2,Prey,Shared,2
82,3,Prey,Shared,2
83,2,Prey,Shared,2
84,6,Prey,Shared,2
85,3,Prey,Shared,2
86,2,Prey,Shared,2
87,4,Prey,Shared,2
88,3,Prey,Shared,2
89,3,Prey,Shared,2
90,3,Prey,Shared,2
91,2,Prey,Shared,2
92,3,Prey,Shared,2
93,3,Prey,Shared,2
94,3,Prey,Shared,2
95,3,Prey,Shared,2
96,2,Prey,Shared,2
97,2,Prey,Shared,2
98,7,Prey,Shared,2
99,3,Prey,Shared,2
100,4,Prey,Shared,2
101,3,Prey,Shared,3
102,3,Prey,Shared,3
103,3,Prey,Shared,3
104,2,Prey,Shared,3
105,3,Prey,Shared,3
106,6,Prey,Shared,3
107,3,Prey,Shared,3
108,2,Prey,Shared,3
109,3,Prey,Shared,3
110,3,Prey,Shared,3
111,4,Prey,Shared,3
112,2,Prey,Shared,3
113,2,Prey,Shared,3
114,3,Prey,Shared,3
115,5,Prey,Shared,3
116,4,Prey,Shared,3
117,3,Prey,Shared,3
118,3,Prey,Shared,3
119,3,Prey,Shared,3
120,3,Prey,Shared,3
121,3,Prey,Shared,3
122,2,Prey,Shared,3
123,2,Prey,Shared,3
124,7,Prey,Shared,3
125,3,Prey,Shared,3
126,3,Prey,Shared,3
127,3,Prey,Shared,3
128,6,Prey,Shared,3
129,3,Prey,Shared,3
130,6,Prey,Shared,3
131,6,Prey,Shared,3
132,3,Prey,Shared,3
133,4,Prey,Shared,3
134,3,Prey,Shared,3
135,2,Prey,Shared,3
136,3,Prey,Shared,3
137,3,Prey,Shared,3
138,4,Prey,Shared,3
139,3,Prey,Shared,3
140,2,Prey,Shared,3
141,4,Prey,Shared,3
142,4,Prey,Shared,3
143,3,Prey,Shared,3
144,3,Prey,Shared,3
145,2,Prey,Shared,3
146,2,Prey,Shared,3
147,2,Prey,Shared,3
148,3,Prey,Shared,3
149,3,Prey,Shared,3
150,5,Prey,Shared,3
151,3,Prey,Shared,4
152,2,Prey,Shared,4
153,3,Prey,Shared,4
154,2,Prey,Shared,4
155,3,Prey,Shared,4
156,7,Prey,Shared,4
157,5,Prey,Shared,4
158,3,Prey,Shared,4
159,5,Prey,Shared,4
160,3,Prey,Shared,4
161,5,Prey,Shared,4
162,4,Prey,Shared,4
163,3,Prey,Shared,4
164,4,Prey,Shared,4
165,4,Prey,Shared,4
166,3,Prey,Shared,4
167,3,Prey,Shared,4
168,3,Prey,Shared,4
169,6,Prey,Shared,4
170,4,Prey,Shared,4
171,4,Prey,Shared,4
172,3,Prey,Shared,4
173,4,Prey,Shared,4
174,2,Prey,Shared,4
175,4,Prey,Shared,4
176,2,Prey,Shared,4
177,3,Prey,Shared,4
178,2,Prey,Shared,4
179,3,Prey,Shared,4
180,2,Prey,Shared,4
181,5,Prey,Shared,4
182,3,Prey,Shared,4
183,2,Prey,Shared,4
184,3,Prey,Shared,4
185,4,Prey,Shared,4
186,4,Prey,Shared,4
187,3,Prey,Shared,4
188,4,Prey,Shared,4
189,5,Prey,Shared,4
190,3,Prey,Shared,4
191,5,Prey,Shared,4
192,2,Prey,Shared,4
193,5,Prey,Shared,4
194,4,Prey,Shared,4
195,4,Prey,Shared,4
196,4,Prey,Shared,4
197,4,Prey,Shared,4
198,3,Prey,Shared,4
199,3,Prey,Shared,4
200,3,Prey,Shared,4
