behaviorSpaceRun,moranI,terr,mem,numPred
1,0.24490905717440306,None,Individual,1
2,0.23998668613146915,None,Individual,1
3,0.24770451912157498,None,Individual,1
4,0.24413120134755054,None,Individual,1
5,0.2801986650325637,None,Individual,1
6,0.25123310821571365,None,Individual,1
7,0.27837955439888346,None,Individual,1
8,0.27996853965936047,None,Individual,1
9,0.25287686540573323,None,Individual,1
10,0.25707598250880836,None,Individual,1
11,0.26641567892294177,None,Individual,1
12,0.2557239676460046,None,Individual,1
13,0.2303174708259009,None,Individual,1
14,0.25128111719824126,None,Individual,1
15,0.2635214592808199,None,Individual,1
16,0.24531406357206295,None,Individual,1
17,0.23457870000051137,None,Individual,1
18,0.25359018031670444,None,Individual,1
19,0.23832319055090728,None,Individual,1
20,0.25463428626473955,None,Individual,1
21,0.27566296171453586,None,Individual,1
22,0.24173058672733624,None,Individual,1
23,0.2512122621111997,None,Individual,1
24,0.26960775818663674,None,Individual,1
25,0.27834606118147326,None,Individual,1
26,0.25398992337412457,None,Individual,1
27,0.2669908841629389,None,Individual,1
28,0.25554749595869114,None,Individual,1
29,0.2770355115745466,None,Individual,1
30,0.2550529906659768,None,Individual,1
31,0.2584697921362375,None,Individual,1
32,0.2527796875030713,None,Individual,1
33,0.2306110093019591,None,Individual,1
34,0.27914746836863524,None,Individual,1
35,0.24768800113956857,None,Individual,1
36,0.2624830211383452,None,Individual,1
37,0.239459510966563,None,Individual,1
38,0.25662421733496465,None,Individual,1
39,0.2550908651475723,None,Individual,1
40,0.2820782108194616,None,Individual,1
41,0.25506865599012085,None,Individual,1
42,0.251767496206433,None,Individual,1
43,0.2410064063678733,None,Individual,1
44,0.24949690362056107,None,Individual,1
45,0.2408989527972101,None,Individual,1
46,0.273695889006228,None,Individual,1
47,0.24017069266458485,None,Individual,1
48,0.2448326412336411,None,Individual,1
49,0.24436656220874234,None,Individual,1
50,0.254999966862819,None,Individual,1
51,0.2263788719508213,None,Individual,2
52,0.24107744003522488,None,Individual,2
53,0.2578986606441082,None,Individual,2
54,0.2232038847826338,None,Individual,2
55,0.23744695790018533,None,Individual,2
56,0.2206672657093846,None,Individual,2
57,0.22662184843028954,None,Individual,2
58,0.24479112855390733,None,Individual,2
59,0.2492112819804348,None,Individual,2
60,0.25422661021702847,None,Individual,2
61,0.23980783226888305,None,Individual,2
62,0.2618949850962483,None,Individual,2
63,0.21701478092059337,None,Individual,2
64,0.22792116848143548,None,Individual,2
65,0.25563320744128676,None,Individual,2
66,0.2419374288029693,None,Individual,2
67,0.23268032069985026,None,Individual,2
68,0.2912424859134334,None,Individual,2
69,0.24490684956678666,None,Individual,2
70,0.23285396497018374,None,Individual,2
71,0.2329545644678501,None,Individual,2
72,0.24098360063554347,None,Individual,2
73,0.24026179787133722,None,Individual,2
74,0.2561067034737036,None,Individual,2
75,0.24456986208153675,None,Individual,2
76,0.2587590028641377,None,Individual,2
77,0.2546450015840841,None,Individual,2
78,0.2333011431906093,None,Individual,2
79,0.23405838619505723,None,Individual,2
80,0.24302150283354954,None,Individual,2
81,0.2106736283102225,None,Individual,2
82,0.23298517909547878,None,Individual,2
83,0.22709141457552373,None,Individual,2
84,0.2179861521713839,None,Individual,2
85,0.2533752325701184,None,Individual,2
86,0.23874609157604365,None,Individual,2
87,0.2198050696901826,None,Individual,2
88,0.24685252936079727,None,Individual,2
89,0.24767384081864763,None,Individual,2
90,0.25333308546208344,None,Individual,2
91,0.22338949222038632,None,Individual,2
92,0.22365501919668468,None,Individual,2
93,0.24868343310802218,None,Individual,2
94,0.20849633737087697,None,Individual,2
95,0.22830943373009274,None,Individual,2
96,0.2231244991714998,None,Individual,2
97,0.21810484099057822,None,Individual,2
98,0.23436048682624397,None,Individual,2
99,0.26179044516313715,None,Individual,2
100,0.25805911848015606,None,Individual,2
101,0.22853001329269748,None,Individual,3
102,0.1948599602250351,None,Individual,3
103,0.19444600526377057,None,Individual,3
104,0.2206768766979639,None,Individual,3
105,0.21687880500638362,None,Individual,3
106,0.2455843119698979,None,Individual,3
107,0.21774453504449479,None,Individual,3
108,0.22503857182202994,None,Individual,3
109,0.2031476714458448,None,Individual,3
110,0.2271585588194551,None,Individual,3
111,0.23479305518991891,None,Individual,3
112,0.22343037843587937,None,Individual,3
113,0.21644499720293375,None,Individual,3
114,0.21572302364257304,None,Individual,3
115,0.219584180049745,None,Individual,3
116,0.22021989237213935,None,Individual,3
117,0.21797502716531217,None,Individual,3
118,0.22692833089941547,None,Individual,3
119,0.2318411820179081,None,Individual,3
120,0.22333027065744335,None,Individual,3
121,0.2044011657976627,None,Individual,3
122,0.216644507046353,None,Individual,3
123,0.21021305539340912,None,Individual,3
124,0.2251601744702626,None,Individual,3
125,0.2210458157687563,None,Individual,3
126,0.193690708769308,None,Individual,3
127,0.2070029363132826,None,Individual,3
128,0.21489101560551244,None,Individual,3
129,0.23166964381216262,None,Individual,3
130,0.22112647513205208,None,Individual,3
131,0.20980265014387472,None,Individual,3
132,0.23519394828667603,None,Individual,3
133,0.21326692352936794,None,Individual,3
134,0.20297406476394061,None,Individual,3
135,0.184090711170689,None,Individual,3
136,0.2344594637982887,None,Individual,3
137,0.21996510454583257,None,Individual,3
138,0.23429393335110663,None,Individual,3
139,0.19815567532795092,None,Individual,3
140,0.2129095264031615,None,Individual,3
141,0.2471950072645883,None,Individual,3
142,0.23637071903364648,None,Individual,3
143,0.22411398459623358,None,Individual,3
144,0.20075893705875897,None,Individual,3
145,0.2103436208863485,None,Individual,3
146,0.23700538574218435,None,Individual,3
147,0.20441234259861976,None,Individual,3
148,0.22274453285438645,None,Individual,3
149,0.21326025811407287,None,Individual,3
150,0.2181021439190283,None,Individual,3
151,0.21241330032084094,None,Individual,4
152,0.1915437022318757,None,Individual,4
153,0.22580670895892038,None,Individual,4
154,0.21302121292609794,None,Individual,4
155,0.14718352935963724,None,Individual,4
156,0.18767957457823206,None,Individual,4
157,0.1734363079907923,None,Individual,4
158,0.21551430847209185,None,Individual,4
159,0.1792587191591536,None,Individual,4
160,0.20698433409121275,None,Individual,4
161,0.18925453384763657,None,Individual,4
162,0.1922406104003179,None,Individual,4
163,0.18205343045379008,None,Individual,4
164,0.22288472462310643,None,Individual,4
165,0.21578205086582605,None,Individual,4
166,0.21513108887894758,None,Individual,4
167,0.17597352655405835,None,Individual,4
168,0.20578632299606858,None,Individual,4
169,0.2000711430653264,None,Individual,4
170,0.20354818928585613,None,Individual,4
171,0.22252815137400142,None,Individual,4
172,0.2358319946947024,None,Individual,4
173,0.20856573547841903,None,Individual,4
174,0.2109987941088224,None,Individual,4
175,0.22827589834965537,None,Individual,4
176,0.18210700686123765,None,Individual,4
177,0.1749193223844299,None,Individual,4
178,0.19288205085564594,None,Individual,4
179,0.22816842997134754,None,Individual,4
180,0.24879871682429539,None,Individual,4
181,0.21644945348818342,None,Individual,4
182,0.18845915414258127,None,Individual,4
183,0.22051649046251365,None,Individual,4
184,0.2314225567455805,None,Individual,4
185,0.20798985007499257,None,Individual,4
186,0.20267086439107349,None,Individual,4
187,0.19591919016607018,None,Individual,4
188,0.1811149255299726,None,Individual,4
189,0.20698779620260774,None,Individual,4
190,0.20367208139654297,None,Individual,4
191,0.21140477628122167,None,Individual,4
192,0.20566755578688375,None,Individual,4
193,0.21740835427007263,None,Individual,4
194,0.20499280297831915,None,Individual,4
195,0.19109560649281196,None,Individual,4
196,0.19737303390407537,None,Individual,4
197,0.18090141626076564,None,Individual,4
198,0.17269680218082625,None,Individual,4
199,0.21001782396720903,None,Individual,4
200,0.21208899790551192,None,Individual,4
1,0.27540344556065055,None,None,1
2,0.25057947913715717,None,None,1
3,0.25868139414456,None,None,1
4,0.25422789359397874,None,None,1
5,0.24508144664455797,None,None,1
6,0.25753526517725933,None,None,1
7,0.26415300287938887,None,None,1
8,0.26663464547474525,None,None,1
9,0.28552210320237437,None,None,1
10,0.25548942680569453,None,None,1
11,0.26873053600719377,None,None,1
12,0.2673490837305191,None,None,1
13,0.2609903095481446,None,None,1
14,0.27584966017099866,None,None,1
15,0.25875649549283253,None,None,1
16,0.2888023673289407,None,None,1
17,0.24593214127356366,None,None,1
18,0.2625164248916581,None,None,1
19,0.2659362436979862,None,None,1
20,0.24844630429294579,None,None,1
21,0.2598129140125121,None,None,1
22,0.2580333136707198,None,None,1
23,0.2720792446986446,None,None,1
24,0.23778543430927523,None,None,1
25,0.2556766213779772,None,None,1
26,0.25998690869306873,None,None,1
27,0.2510076943336111,None,None,1
28,0.250812697616673,None,None,1
29,0.2765836886361309,None,None,1
30,0.2677855504574524,None,None,1
31,0.2475167898368702,None,None,1
32,0.27569032087117135,None,None,1
33,0.28976953716699444,None,None,1
34,0.27905367415537174,None,None,1
35,0.2563274960962501,None,None,1
36,0.272535986582976,None,None,1
37,0.25540199086979565,None,None,1
38,0.28429430391784316,None,None,1
39,0.2572175039293171,None,None,1
40,0.27753468611996057,None,None,1
41,0.25804532249291823,None,None,1
42,0.27327073979347705,None,None,1
43,0.2458145264152105,None,None,1
44,0.27714185654584705,None,None,1
45,0.24209814893315082,None,None,1
46,0.28567214653763146,None,None,1
47,0.2965200782541071,None,None,1
48,0.2427663175840373,None,None,1
49,0.26158741473794034,None,None,1
50,0.2643789762973442,None,None,1
51,0.23290403620905584,None,None,2
52,0.24361108694101336,None,None,2
53,0.2698814052136911,None,None,2
54,0.2918021558019961,None,None,2
55,0.2359923690983439,None,None,2
56,0.267032037340226,None,None,2
57,0.23516433066607936,None,None,2
58,0.26761389602418395,None,None,2
59,0.2472636682213818,None,None,2
60,0.2706523582693364,None,None,2
61,0.2637644343886873,None,None,2
62,0.2231409178380412,None,None,2
63,0.26866734706081846,None,None,2
64,0.23693081665169624,None,None,2
65,0.2174247507585537,None,None,2
66,0.29274189237618414,None,None,2
67,0.24317275193217341,None,None,2
68,0.2185921560748863,None,None,2
69,0.24037803742331504,None,None,2
70,0.25224340655294214,None,None,2
71,0.2465038197532218,None,None,2
72,0.23859049784737513,None,None,2
73,0.2606924944136123,None,None,2
74,0.2249482733692403,None,None,2
75,0.24590127362480207,None,None,2
76,0.26364378865400623,None,None,2
77,0.24364725930982017,None,None,2
78,0.24156638283571505,None,None,2
79,0.2652631396952586,None,None,2
80,0.2500841862291663,None,None,2
81,0.23656312908627122,None,None,2
82,0.2577885866439035,None,None,2
83,0.24396486890116176,None,None,2
84,0.22139120366570508,None,None,2
85,0.2680315849375888,None,None,2
86,0.25649068790658763,None,None,2
87,0.27165279962412087,None,None,2
88,0.25781401746980454,None,None,2
89,0.24141741912286255,None,None,2
90,0.25348244996921515,None,None,2
91,0.23930683569401204,None,None,2
92,0.254507574509396,None,None,2
93,0.2234945649323656,None,None,2
94,0.23870015460704982,None,None,2
95,0.27091767823719265,None,None,2
96,0.24422017716568892,None,None,2
97,0.24245293746354274,None,None,2
98,0.26154937206063766,None,None,2
99,0.24792304459828618,None,None,2
100,0.23055858095549117,None,None,2
101,0.2246421064546515,None,None,3
102,0.25723048011314203,None,None,3
103,0.25834957338131176,None,None,3
104,0.23835526693216644,None,None,3
105,0.23018587812379493,None,None,3
106,0.23366068507673188,None,None,3
107,0.24128736687453262,None,None,3
108,0.2748695228072357,None,None,3
109,0.19958819705068317,None,None,3
110,0.2513313561131374,None,None,3
111,0.2367626332071482,None,None,3
112,0.2619796604093883,None,None,3
113,0.24016903064912146,None,None,3
114,0.242927962880488,None,None,3
115,0.23208341267611463,None,None,3
116,0.22927392368477773,None,None,3
117,0.2281404975283845,None,None,3
118,0.21560868580309478,None,None,3
119,0.25534624812495405,None,None,3
120,0.21951480981721866,None,None,3
121,0.23405709343420802,None,None,3
122,0.2547944866006047,None,None,3
123,0.21318324363998295,None,None,3
124,0.22239472519213868,None,None,3
125,0.2363531976253866,None,None,3
126,0.2256625254926468,None,None,3
127,0.25074640044688434,None,None,3
128,0.21457104929547913,None,None,3
129,0.22133277888827074,None,None,3
130,0.2487588080712402,None,None,3
131,0.2348261591465302,None,None,3
132,0.2246717581602216,None,None,3
133,0.22022132422114193,None,None,3
134,0.25365866521406144,None,None,3
135,0.2524532408275286,None,None,3
136,0.2135810459383147,None,None,3
137,0.2229567086104345,None,None,3
138,0.2218550374320454,None,None,3
139,0.24039576676837754,None,None,3
140,0.2604100420188791,None,None,3
141,0.23022687815777026,None,None,3
142,0.2425428193783181,None,None,3
143,0.24559304124052186,None,None,3
144,0.21039503837392873,None,None,3
145,0.2425284424111138,None,None,3
146,0.22667740522707738,None,None,3
147,0.2509060180883559,None,None,3
148,0.2581500673753353,None,None,3
149,0.2422695486411374,None,None,3
150,0.18655448376419864,None,None,3
151,0.21830339835003962,None,None,4
152,0.21135230246757344,None,None,4
153,0.21984519439656,None,None,4
154,0.20799544993405616,None,None,4
155,0.20605851039699616,None,None,4
156,0.22870700325135915,None,None,4
157,0.21424606339381852,None,None,4
158,0.23179983361531603,None,None,4
159,0.22184645237308437,None,None,4
160,0.21124489328954626,None,None,4
161,0.1810871677572997,None,None,4
162,0.2480533569138904,None,None,4
163,0.17831282670272242,None,None,4
164,0.21656585475531745,None,None,4
165,0.24530064221034453,None,None,4
166,0.2017179311299125,None,None,4
167,0.2383179646384753,None,None,4
168,0.22519221625899183,None,None,4
169,0.22858540045921216,None,None,4
170,0.23278614623892602,None,None,4
171,0.238018831212307,None,None,4
172,0.21931654888677563,None,None,4
173,0.2009009255435164,None,None,4
174,0.21169309789803764,None,None,4
175,0.192036158475782,None,None,4
176,0.2230380176935614,None,None,4
177,0.22535189606379039,None,None,4
178,0.23173339859864758,None,None,4
179,0.22087330324371396,None,None,4
180,0.21187704950940192,None,None,4
181,0.22689522002217621,None,None,4
182,0.22120787535464392,None,None,4
183,0.2003160085040829,None,None,4
184,0.23244454626176086,None,None,4
185,0.2213327705996484,None,None,4
186,0.2199232835661135,None,None,4
187,0.20537817123587246,None,None,4
188,0.20270664396919688,None,None,4
189,0.2211822800106727,None,None,4
190,0.22952596005167566,None,None,4
191,0.24445343306530548,None,None,4
192,0.21193928791627273,None,None,4
193,0.23737821050629174,None,None,4
194,0.20049890687844016,None,None,4
195,0.20122399557466744,None,None,4
196,0.22804266567963652,None,None,4
197,0.21304401449042876,None,None,4
198,0.22517866009971457,None,None,4
199,0.22610417786646936,None,None,4
200,0.22917457735063115,None,None,4
1,0.2605589290121318,None,Shared,1
2,0.2467667765453288,None,Shared,1
3,0.2625662794177584,None,Shared,1
4,0.25280265033427,None,Shared,1
5,0.24377695778546238,None,Shared,1
6,0.22631415671820224,None,Shared,1
7,0.30836123394181075,None,Shared,1
8,0.2780086293856218,None,Shared,1
9,0.2411187048857841,None,Shared,1
10,0.24937451966296156,None,Shared,1
11,0.24277435285434593,None,Shared,1
12,0.2601208585784064,None,Shared,1
13,0.25428080073923864,None,Shared,1
14,0.2343773146212963,None,Shared,1
15,0.31144201316703,None,Shared,1
16,0.22490869375423642,None,Shared,1
17,0.27293291826814187,None,Shared,1
18,0.2517409098416008,None,Shared,1
19,0.26250282097865796,None,Shared,1
20,0.265160407578355,None,Shared,1
21,0.2595739716655457,None,Shared,1
22,0.28044105416476794,None,Shared,1
23,0.28077335464910014,None,Shared,1
24,0.25292456824620485,None,Shared,1
25,0.2624644358715532,None,Shared,1
26,0.24785713455180597,None,Shared,1
27,0.2929396577024679,None,Shared,1
28,0.24168545726869456,None,Shared,1
29,0.23250037470281146,None,Shared,1
30,0.21300383191553843,None,Shared,1
31,0.28387595695794887,None,Shared,1
32,0.26599904482550285,None,Shared,1
33,0.25068583500472635,None,Shared,1
34,0.29254304162827327,None,Shared,1
35,0.24548292451112225,None,Shared,1
36,0.28295049454766596,None,Shared,1
37,0.2638962622376168,None,Shared,1
38,0.24263867886623772,None,Shared,1
39,0.2492527626115992,None,Shared,1
40,0.2834387435697398,None,Shared,1
41,0.24639627949410178,None,Shared,1
42,0.2690715529052729,None,Shared,1
43,0.251370401594606,None,Shared,1
44,0.2802788578482546,None,Shared,1
45,0.23652042003443455,None,Shared,1
46,0.2561690633628924,None,Shared,1
47,0.2712384753585752,None,Shared,1
48,0.27254023508484465,None,Shared,1
49,0.26403334691960717,None,Shared,1
50,0.26612003119348226,None,Shared,1
51,0.19067517690926244,None,Shared,2
52,0.19471615377874646,None,Shared,2
53,0.17764781618565123,None,Shared,2
54,0.20409224180069996,None,Shared,2
55,0.2530223522015514,None,Shared,2
56,0.22829200227627033,None,Shared,2
57,0.21964401931388797,None,Shared,2
58,0.24256022562725568,None,Shared,2
59,0.22429328519808858,None,Shared,2
60,0.20454676305905276,None,Shared,2
61,0.23424937554639008,None,Shared,2
62,0.24250090858563744,None,Shared,2
63,0.22175833520793675,None,Shared,2
64,0.22196797341756033,None,Shared,2
65,0.2620501542387168,None,Shared,2
66,0.2433984106701997,None,Shared,2
67,0.22167448944290782,None,Shared,2
68,0.21620660236822903,None,Shared,2
69,0.24979371298428227,None,Shared,2
70,0.20603204819857088,None,Shared,2
71,0.22416188117429978,None,Shared,2
72,0.2202915553534022,None,Shared,2
73,0.21691226985538337,None,Shared,2
74,0.210130152743491,None,Shared,2
75,0.2096914515934102,None,Shared,2
76,0.2501496997163908,None,Shared,2
77,0.18027166896786428,None,Shared,2
78,0.17153139619433455,None,Shared,2
79,0.18912501730879022,None,Shared,2
80,0.1975527030507651,None,Shared,2
81,0.18889703190778584,None,Shared,2
82,0.23562962432641474,None,Shared,2
83,0.23326082229009942,None,Shared,2
84,0.20387874388930521,None,Shared,2
85,0.2300129410627992,None,Shared,2
86,0.18485633290950984,None,Shared,2
87,0.23325071528734873,None,Shared,2
88,0.21410358297318313,None,Shared,2
89,0.21085433562445496,None,Shared,2
90,0.2064194447810871,None,Shared,2
91,0.14601226821159785,None,Shared,2
92,0.22912137968933116,None,Shared,2
93,0.24251894244372782,None,Shared,2
94,0.20988542923025288,None,Shared,2
95,0.23486711302763544,None,Shared,2
96,0.25161898209294287,None,Shared,2
97,0.21578048299202518,None,Shared,2
98,0.2059516279882615,None,Shared,2
99,0.2078677594327124,None,Shared,2
100,0.18292984634987286,None,Shared,2
101,0.21358672388858435,None,Shared,3
102,0.1552405882974886,None,Shared,3
103,0.16456691424424985,None,Shared,3
104,0.14688910785098752,None,Shared,3
105,0.18993241622066817,None,Shared,3
106,0.16053652735448742,None,Shared,3
107,0.17110974379281804,None,Shared,3
108,0.15017093834421447,None,Shared,3
109,0.18643117467076586,None,Shared,3
110,0.1862213006605159,None,Shared,3
111,0.17753749412977038,None,Shared,3
112,0.1617167223220161,None,Shared,3
113,0.16498466532664724,None,Shared,3
114,0.13380885166927745,None,Shared,3
115,0.161782697746804,None,Shared,3
116,0.1649042918319883,None,Shared,3
117,0.19470515620799608,None,Shared,3
118,0.22990930392060382,None,Shared,3
119,0.17064387347641405,None,Shared,3
120,0.15328605864031028,None,Shared,3
121,0.18599071274102683,None,Shared,3
122,0.12613572382584765,None,Shared,3
123,0.1518247036424925,None,Shared,3
124,0.17661906894667073,None,Shared,3
125,0.17798455926125806,None,Shared,3
126,0.17563951972007252,None,Shared,3
127,0.14652124682137582,None,Shared,3
128,0.16391938438080994,None,Shared,3
129,0.13374742948660243,None,Shared,3
130,0.20003882093068867,None,Shared,3
131,0.16367537227805024,None,Shared,3
132,0.18228679644066412,None,Shared,3
133,0.1639816659324986,None,Shared,3
134,0.1604863577851554,None,Shared,3
135,0.1781042255463728,None,Shared,3
136,0.18351040378339906,None,Shared,3
137,0.142305846552482,None,Shared,3
138,0.1607105851882772,None,Shared,3
139,0.15271936042442458,None,Shared,3
140,0.13685278927048555,None,Shared,3
141,0.18298062166170412,None,Shared,3
142,0.21358933395478494,None,Shared,3
143,0.1842042251809756,None,Shared,3
144,0.13885078403648257,None,Shared,3
145,0.1778854129482363,None,Shared,3
146,0.1700799263859315,None,Shared,3
147,0.2248589589083342,None,Shared,3
148,0.18454133905431458,None,Shared,3
149,0.12715971413936764,None,Shared,3
150,0.21067097955246752,None,Shared,3
151,0.13392528512106575,None,Shared,4
152,0.16701866198320678,None,Shared,4
153,0.1494844303929912,None,Shared,4
154,0.12936369071244233,None,Shared,4
155,0.14604912903357442,None,Shared,4
156,0.17773328024811771,None,Shared,4
157,0.14640176845203076,None,Shared,4
158,0.13427350106237335,None,Shared,4
159,0.12391062487116118,None,Shared,4
160,0.13339506486742,None,Shared,4
161,0.12271089926723508,None,Shared,4
162,0.11575160687180074,None,Shared,4
163,0.1432067982608948,None,Shared,4
164,0.14873933744031728,None,Shared,4
165,0.13852075317857118,None,Shared,4
166,0.1590050188812728,None,Shared,4
167,0.12958295646446116,None,Shared,4
168,0.13992640776238516,None,Shared,4
169,0.11408397954925999,None,Shared,4
170,0.1450515911133145,None,Shared,4
171,0.14604043598537247,None,Shared,4
172,0.14432860953875223,None,Shared,4
173,0.12075505813406134,None,Shared,4
174,0.13953075686671795,None,Shared,4
175,0.12524303028807254,None,Shared,4
176,0.13382714232140658,None,Shared,4
177,0.13333264242966777,None,Shared,4
178,0.1287849120831406,None,Shared,4
179,0.11824280583689231,None,Shared,4
180,0.18129744501991651,None,Shared,4
181,0.12283156708255231,None,Shared,4
182,0.15959242380973387,None,Shared,4
183,0.13907045129571094,None,Shared,4
184,0.14041959138092572,None,Shared,4
185,0.1621931399057085,None,Shared,4
186,0.11179341039524904,None,Shared,4
187,0.12911176235837987,None,Shared,4
188,0.1394703108619697,None,Shared,4
189,0.14764039981915586,None,Shared,4
190,0.14400437011119022,None,Shared,4
191,0.12319484042145373,None,Shared,4
192,0.13633549791281807,None,Shared,4
193,0.13162769226451668,None,Shared,4
194,0.14141078160962595,None,Shared,4
195,0.11939798940427108,None,Shared,4
196,0.13596502951514655,None,Shared,4
197,0.12983675344241064,None,Shared,4
198,0.1328979731737452,None,Shared,4
199,0.13367984286124537,None,Shared,4
200,0.14147928180029878,None,Shared,4
1,0.24204487138982894,Pred,Individual,1
2,0.26765473743011525,Pred,Individual,1
3,0.24877970744321865,Pred,Individual,1
4,0.2526737137541572,Pred,Individual,1
5,0.26333372291018875,Pred,Individual,1
6,0.2637520280858947,Pred,Individual,1
7,0.22774700197492845,Pred,Individual,1
8,0.24895222895947802,Pred,Individual,1
9,0.2384942141688614,Pred,Individual,1
10,0.21350231623215374,Pred,Individual,1
11,0.2607557868177111,Pred,Individual,1
12,0.25546949324534046,Pred,Individual,1
13,0.23407777691629295,Pred,Individual,1
14,0.2641279147654646,Pred,Individual,1
15,0.26560361703116053,Pred,Individual,1
16,0.2542907185957898,Pred,Individual,1
17,0.24142893419126105,Pred,Individual,1
18,0.2685235401539454,Pred,Individual,1
19,0.24583575203040484,Pred,Individual,1
20,0.2625150937157338,Pred,Individual,1
21,0.2396017572737911,Pred,Individual,1
22,0.2690433627947141,Pred,Individual,1
23,0.24749154014894303,Pred,Individual,1
24,0.23851525909099183,Pred,Individual,1
25,0.24221006771436657,Pred,Individual,1
26,0.23985105866918893,Pred,Individual,1
27,0.21957891071488334,Pred,Individual,1
28,0.2608733896775206,Pred,Individual,1
29,0.22792908643790336,Pred,Individual,1
30,0.26662182233893633,Pred,Individual,1
31,0.23432291908594102,Pred,Individual,1
32,0.25662287406853984,Pred,Individual,1
33,0.2756759748668862,Pred,Individual,1
34,0.27310987900235023,Pred,Individual,1
35,0.2380293722999512,Pred,Individual,1
36,0.25357132171803864,Pred,Individual,1
37,0.22618783528813474,Pred,Individual,1
38,0.24099944998954448,Pred,Individual,1
39,0.23579258786503476,Pred,Individual,1
40,0.2550285167672738,Pred,Individual,1
41,0.24231034172234742,Pred,Individual,1
42,0.2589483163436265,Pred,Individual,1
43,0.26809390253569343,Pred,Individual,1
44,0.2137529384956376,Pred,Individual,1
45,0.24818786045976501,Pred,Individual,1
46,0.23681342803282163,Pred,Individual,1
47,0.256707892948501,Pred,Individual,1
48,0.23404623563444085,Pred,Individual,1
49,0.2537129435708232,Pred,Individual,1
50,0.23077995677876637,Pred,Individual,1
51,0.19744273159760817,Pred,Individual,2
52,0.20767017481552724,Pred,Individual,2
53,0.218355894338281,Pred,Individual,2
54,0.22508204183564368,Pred,Individual,2
55,0.21984270527736866,Pred,Individual,2
56,0.24309289412660137,Pred,Individual,2
57,0.22459777983941145,Pred,Individual,2
58,0.21273807614807358,Pred,Individual,2
59,0.22744793392857368,Pred,Individual,2
60,0.24843758056430731,Pred,Individual,2
61,0.25278252665989515,Pred,Individual,2
62,0.23144972638222938,Pred,Individual,2
63,0.23500672083999774,Pred,Individual,2
64,0.23538469948342397,Pred,Individual,2
65,0.2273026921676485,Pred,Individual,2
66,0.2085526199999405,Pred,Individual,2
67,0.2361008401916437,Pred,Individual,2
68,0.22513634656280967,Pred,Individual,2
69,0.19239598866251534,Pred,Individual,2
70,0.21036279744485373,Pred,Individual,2
71,0.22768313586488093,Pred,Individual,2
72,0.24919123103602164,Pred,Individual,2
73,0.22597797605292505,Pred,Individual,2
74,0.21824787664197065,Pred,Individual,2
75,0.20840311113889246,Pred,Individual,2
76,0.21488009785256446,Pred,Individual,2
77,0.23919752528142604,Pred,Individual,2
78,0.2392640202316328,Pred,Individual,2
79,0.20977763017623743,Pred,Individual,2
80,0.19426923028684293,Pred,Individual,2
81,0.22214283144884767,Pred,Individual,2
82,0.20959539484016415,Pred,Individual,2
83,0.22970275730866857,Pred,Individual,2
84,0.23103606570631327,Pred,Individual,2
85,0.2239054094491612,Pred,Individual,2
86,0.21203985244364476,Pred,Individual,2
87,0.23314393236807696,Pred,Individual,2
88,0.24169801315153247,Pred,Individual,2
89,0.21812745332749847,Pred,Individual,2
90,0.19587505690850784,Pred,Individual,2
91,0.17141161641337155,Pred,Individual,2
92,0.2196928069999221,Pred,Individual,2
93,0.2114690786133166,Pred,Individual,2
94,0.23327130444211977,Pred,Individual,2
95,0.22594314817027364,Pred,Individual,2
96,0.20806950988494313,Pred,Individual,2
97,0.23553197614279553,Pred,Individual,2
98,0.22682882516363972,Pred,Individual,2
99,0.21079635306709874,Pred,Individual,2
100,0.22553454335452267,Pred,Individual,2
101,0.18065995825545317,Pred,Individual,3
102,0.2223750344724049,Pred,Individual,3
103,0.2040439470053498,Pred,Individual,3
104,0.20069507705476694,Pred,Individual,3
105,0.20039008797002128,Pred,Individual,3
106,0.18901456736816424,Pred,Individual,3
107,0.18218757199652202,Pred,Individual,3
108,0.182088025730623,Pred,Individual,3
109,0.19482404320585203,Pred,Individual,3
110,0.19664090273713686,Pred,Individual,3
111,0.1901192471203704,Pred,Individual,3
112,0.1995481020059337,Pred,Individual,3
113,0.20124817341132625,Pred,Individual,3
114,0.17678409578336088,Pred,Individual,3
115,0.19338961075919764,Pred,Individual,3
116,0.2199158797196541,Pred,Individual,3
117,0.1932211697110967,Pred,Individual,3
118,0.20603599502185774,Pred,Individual,3
119,0.22210263774821148,Pred,Individual,3
120,0.1870602015121664,Pred,Individual,3
121,0.19156616636369178,Pred,Individual,3
122,0.18891434755641123,Pred,Individual,3
123,0.19276523044279764,Pred,Individual,3
124,0.17020298256937527,Pred,Individual,3
125,0.22513199050506863,Pred,Individual,3
126,0.18146699952384038,Pred,Individual,3
127,0.19162387936492373,Pred,Individual,3
128,0.2283484011011479,Pred,Individual,3
129,0.22111560167498862,Pred,Individual,3
130,0.2326170537497454,Pred,Individual,3
131,0.1906053553701414,Pred,Individual,3
132,0.18369632318857695,Pred,Individual,3
133,0.18999787872506863,Pred,Individual,3
134,0.19271845188721945,Pred,Individual,3
135,0.18974574430287475,Pred,Individual,3
136,0.18979648245565,Pred,Individual,3
137,0.22697267159740095,Pred,Individual,3
138,0.19314769055963055,Pred,Individual,3
139,0.19905956494393726,Pred,Individual,3
140,0.18284735375551048,Pred,Individual,3
141,0.1942108289538164,Pred,Individual,3
142,0.19089467779156902,Pred,Individual,3
143,0.14380305982720012,Pred,Individual,3
144,0.1739645628063837,Pred,Individual,3
145,0.18464975989884921,Pred,Individual,3
146,0.2003710474641714,Pred,Individual,3
147,0.18739659374588097,Pred,Individual,3
148,0.18568538223311654,Pred,Individual,3
149,0.18898133864435163,Pred,Individual,3
150,0.22886593073793857,Pred,Individual,3
151,0.16893892158674942,Pred,Individual,4
152,0.1621372561997858,Pred,Individual,4
153,0.1830210120869367,Pred,Individual,4
154,0.16285486676592317,Pred,Individual,4
155,0.18094504258575023,Pred,Individual,4
156,0.18292393352652306,Pred,Individual,4
157,0.17435969318159272,Pred,Individual,4
158,0.19676221814039319,Pred,Individual,4
159,0.17028653098946586,Pred,Individual,4
160,0.17320683183388857,Pred,Individual,4
161,0.20136142555345643,Pred,Individual,4
162,0.1613282070784176,Pred,Individual,4
163,0.192871748069738,Pred,Individual,4
164,0.18641666784473698,Pred,Individual,4
165,0.18266613436925616,Pred,Individual,4
166,0.1739585291684556,Pred,Individual,4
167,0.2055747744174352,Pred,Individual,4
168,0.17359375767794064,Pred,Individual,4
169,0.1615457219633376,Pred,Individual,4
170,0.18573744090059005,Pred,Individual,4
171,0.1748667942262301,Pred,Individual,4
172,0.16567932907248936,Pred,Individual,4
173,0.22156547578747565,Pred,Individual,4
174,0.18132027468364956,Pred,Individual,4
175,0.18350179387637905,Pred,Individual,4
176,0.15028107407209715,Pred,Individual,4
177,0.15749774460959226,Pred,Individual,4
178,0.18649822001008268,Pred,Individual,4
179,0.18432992111637492,Pred,Individual,4
180,0.16623568651043907,Pred,Individual,4
181,0.15422208103441185,Pred,Individual,4
182,0.16197153695452937,Pred,Individual,4
183,0.17789254752734576,Pred,Individual,4
184,0.1964035306217227,Pred,Individual,4
185,0.18520193646956426,Pred,Individual,4
186,0.18020439956382542,Pred,Individual,4
187,0.1913624256821209,Pred,Individual,4
188,0.16005745935509785,Pred,Individual,4
189,0.17948227053662907,Pred,Individual,4
190,0.16755971359203845,Pred,Individual,4
191,0.17919549483478603,Pred,Individual,4
192,0.19686863352075787,Pred,Individual,4
193,0.17917424311130883,Pred,Individual,4
194,0.16995018762900457,Pred,Individual,4
195,0.1986498828012027,Pred,Individual,4
196,0.18389145623966963,Pred,Individual,4
197,0.15995784298560708,Pred,Individual,4
198,0.16015704084434615,Pred,Individual,4
199,0.17662213942359778,Pred,Individual,4
200,0.1781180409707457,Pred,Individual,4
1,0.273643860478848,Pred,None,1
2,0.28650765992747457,Pred,None,1
3,0.27719316343748146,Pred,None,1
4,0.26152499210489194,Pred,None,1
5,0.25559331852719774,Pred,None,1
6,0.2508347683554671,Pred,None,1
7,0.23528743480459655,Pred,None,1
8,0.2218909715672245,Pred,None,1
9,0.22483576317522058,Pred,None,1
10,0.2600314348165984,Pred,None,1
11,0.22761378276698288,Pred,None,1
12,0.272598249988929,Pred,None,1
13,0.23827430105543512,Pred,None,1
14,0.24972490593375782,Pred,None,1
15,0.26442789427701324,Pred,None,1
16,0.25321998464748535,Pred,None,1
17,0.2319397482870125,Pred,None,1
18,0.2470353380233853,Pred,None,1
19,0.2618269742197219,Pred,None,1
20,0.25728269369569545,Pred,None,1
21,0.248251093779751,Pred,None,1
22,0.2591711071075509,Pred,None,1
23,0.2539587773347519,Pred,None,1
24,0.26524484184542363,Pred,None,1
25,0.25053974584100946,Pred,None,1
26,0.2927707905752194,Pred,None,1
27,0.2621057564114284,Pred,None,1
28,0.2555247784533721,Pred,None,1
29,0.2644138810366037,Pred,None,1
30,0.2358470098179815,Pred,None,1
31,0.2818837409310462,Pred,None,1
32,0.27270188862691785,Pred,None,1
33,0.24822956962414247,Pred,None,1
34,0.2855078334689327,Pred,None,1
35,0.25384842660837215,Pred,None,1
36,0.2731661292625751,Pred,None,1
37,0.294142696397754,Pred,None,1
38,0.2522411087917029,Pred,None,1
39,0.2645223748514209,Pred,None,1
40,0.256406562778489,Pred,None,1
41,0.26705805704319896,Pred,None,1
42,0.2726597798006787,Pred,None,1
43,0.2741613902350462,Pred,None,1
44,0.2606437722788838,Pred,None,1
45,0.2730868623066154,Pred,None,1
46,0.265940924831884,Pred,None,1
47,0.2593488521832284,Pred,None,1
48,0.23373543077058825,Pred,None,1
49,0.2496481152694331,Pred,None,1
50,0.2593761437915544,Pred,None,1
51,0.25577904355225195,Pred,None,2
52,0.2302963945654258,Pred,None,2
53,0.23428157936665098,Pred,None,2
54,0.22347659983010046,Pred,None,2
55,0.24429776976752646,Pred,None,2
56,0.25814596130398054,Pred,None,2
57,0.2559565487050313,Pred,None,2
58,0.23473728460931065,Pred,None,2
59,0.24099769969688228,Pred,None,2
60,0.24799971397288484,Pred,None,2
61,0.23352147412096344,Pred,None,2
62,0.21720828988403332,Pred,None,2
63,0.22521010924177678,Pred,None,2
64,0.2569349964045594,Pred,None,2
65,0.25012618400956677,Pred,None,2
66,0.2299679098570342,Pred,None,2
67,0.22498858307726421,Pred,None,2
68,0.23958862986078017,Pred,None,2
69,0.24389772148751065,Pred,None,2
70,0.2393083123850493,Pred,None,2
71,0.25338910286227617,Pred,None,2
72,0.24081711063696234,Pred,None,2
73,0.22298906583643333,Pred,None,2
74,0.2473610332896734,Pred,None,2
75,0.2525557740354585,Pred,None,2
76,0.24111305637189845,Pred,None,2
77,0.20486766697597855,Pred,None,2
78,0.24343145666026766,Pred,None,2
79,0.21849806646464898,Pred,None,2
80,0.23773257917120078,Pred,None,2
81,0.2605113684389277,Pred,None,2
82,0.21783725957879527,Pred,None,2
83,0.2184816617741315,Pred,None,2
84,0.24129132061929845,Pred,None,2
85,0.24340985909443952,Pred,None,2
86,0.2784873289487425,Pred,None,2
87,0.26506155487109145,Pred,None,2
88,0.22944880785907598,Pred,None,2
89,0.23216384713150645,Pred,None,2
90,0.2148578137081512,Pred,None,2
91,0.23730447303942068,Pred,None,2
92,0.23242131388477713,Pred,None,2
93,0.25036341826790975,Pred,None,2
94,0.25729287891013175,Pred,None,2
95,0.24411063356739554,Pred,None,2
96,0.24084147479399512,Pred,None,2
97,0.25151468676420535,Pred,None,2
98,0.24445515472415735,Pred,None,2
99,0.24510192685550786,Pred,None,2
100,0.24203642428545386,Pred,None,2
101,0.1900978654592991,Pred,None,3
102,0.2294329235687436,Pred,None,3
103,0.2518527861118378,Pred,None,3
104,0.2066436149961814,Pred,None,3
105,0.2093692589006635,Pred,None,3
106,0.22368451110708287,Pred,None,3
107,0.193409323367676,Pred,None,3
108,0.21080504928070287,Pred,None,3
109,0.22990913931758475,Pred,None,3
110,0.25579805250866994,Pred,None,3
111,0.2225257405706334,Pred,None,3
112,0.20566608452471097,Pred,None,3
113,0.22389170638861064,Pred,None,3
114,0.22499747104611115,Pred,None,3
115,0.25204983547511345,Pred,None,3
116,0.22813804581779865,Pred,None,3
117,0.22450924070245368,Pred,None,3
118,0.18606792678139333,Pred,None,3
119,0.2340158376143309,Pred,None,3
120,0.2236605095806609,Pred,None,3
121,0.22490906427861626,Pred,None,3
122,0.23417167766542216,Pred,None,3
123,0.21655241478166926,Pred,None,3
124,0.2291481083833981,Pred,None,3
125,0.19491783966806764,Pred,None,3
126,0.20276761945557598,Pred,None,3
127,0.21635989485259696,Pred,None,3
128,0.22797293767037025,Pred,None,3
129,0.22491062908608114,Pred,None,3
130,0.2395658158604899,Pred,None,3
131,0.19137475944069818,Pred,None,3
132,0.21686563295376743,Pred,None,3
133,0.24189273695198876,Pred,None,3
134,0.2128508355721785,Pred,None,3
135,0.23650353899833657,Pred,None,3
136,0.21514143829035776,Pred,None,3
137,0.2257711490143243,Pred,None,3
138,0.2373208195720361,Pred,None,3
139,0.20915716948500712,Pred,None,3
140,0.19725904325231824,Pred,None,3
141,0.21474389821958198,Pred,None,3
142,0.23366067333710402,Pred,None,3
143,0.24389027231028362,Pred,None,3
144,0.23765919126558563,Pred,None,3
145,0.22767525014682738,Pred,None,3
146,0.21296914294673758,Pred,None,3
147,0.22851121991006879,Pred,None,3
148,0.21771022180598115,Pred,None,3
149,0.2181397818312969,Pred,None,3
150,0.20438148932677325,Pred,None,3
151,0.21207978795121055,Pred,None,4
152,0.20837285742426592,Pred,None,4
153,0.17791893113714952,Pred,None,4
154,0.2171724676197287,Pred,None,4
155,0.21349379440028726,Pred,None,4
156,0.20563797104469791,Pred,None,4
157,0.23144339119126517,Pred,None,4
158,0.1697095557830075,Pred,None,4
159,0.21786271913656652,Pred,None,4
160,0.2015272561513726,Pred,None,4
161,0.22444366600553725,Pred,None,4
162,0.18882506952172792,Pred,None,4
163,0.19882868424566405,Pred,None,4
164,0.21345210731030428,Pred,None,4
165,0.1953437831993705,Pred,None,4
166,0.19994360008812964,Pred,None,4
167,0.20526802978797445,Pred,None,4
168,0.18295504427307896,Pred,None,4
169,0.18185137144735486,Pred,None,4
170,0.20620462404657128,Pred,None,4
171,0.21022065413468696,Pred,None,4
172,0.211060061028141,Pred,None,4
173,0.21238888883057344,Pred,None,4
174,0.20331888523653213,Pred,None,4
175,0.2325068724921063,Pred,None,4
176,0.21723880787949187,Pred,None,4
177,0.18686204849404234,Pred,None,4
178,0.20320828954191766,Pred,None,4
179,0.19730051204534474,Pred,None,4
180,0.18895598784630194,Pred,None,4
181,0.20688582524548005,Pred,None,4
182,0.2111568399606931,Pred,None,4
183,0.22611763083906247,Pred,None,4
184,0.19636889509128178,Pred,None,4
185,0.1984288748799464,Pred,None,4
186,0.2321046555043385,Pred,None,4
187,0.18619785361122382,Pred,None,4
188,0.23066885946953383,Pred,None,4
189,0.22682149014311825,Pred,None,4
190,0.19857720009727198,Pred,None,4
191,0.19823545386484628,Pred,None,4
192,0.19499602533272367,Pred,None,4
193,0.20242623374057797,Pred,None,4
194,0.22356942694745985,Pred,None,4
195,0.2159518415748468,Pred,None,4
196,0.22207403121410835,Pred,None,4
197,0.196433936641117,Pred,None,4
198,0.2023253234894398,Pred,None,4
199,0.2085612241209322,Pred,None,4
200,0.20161749865311235,Pred,None,4
1,0.2347992157289577,Pred,Shared,1
2,0.24065604633394344,Pred,Shared,1
3,0.2257295361872625,Pred,Shared,1
4,0.24859719637294794,Pred,Shared,1
5,0.2527752874713148,Pred,Shared,1
6,0.23254408516077166,Pred,Shared,1
7,0.26912376684208167,Pred,Shared,1
8,0.2381993454555635,Pred,Shared,1
9,0.2271006333401126,Pred,Shared,1
10,0.26065669537594677,Pred,Shared,1
11,0.235595446957343,Pred,Shared,1
12,0.24361748437620534,Pred,Shared,1
13,0.23912695628454061,Pred,Shared,1
14,0.24503828426881344,Pred,Shared,1
15,0.2443302405824349,Pred,Shared,1
16,0.23283736658502924,Pred,Shared,1
17,0.2498062929546223,Pred,Shared,1
18,0.24004851401440225,Pred,Shared,1
19,0.2446681393552578,Pred,Shared,1
20,0.24955397407376603,Pred,Shared,1
21,0.25800246944340094,Pred,Shared,1
22,0.22301200510988073,Pred,Shared,1
23,0.263479044260761,Pred,Shared,1
24,0.23610677728462598,Pred,Shared,1
25,0.26167295475369085,Pred,Shared,1
26,0.22425443715066237,Pred,Shared,1
27,0.24513627593039422,Pred,Shared,1
28,0.24905611708531145,Pred,Shared,1
29,0.25710093465444017,Pred,Shared,1
30,0.22802490474611323,Pred,Shared,1
31,0.24247862994933586,Pred,Shared,1
32,0.2535675682146143,Pred,Shared,1
33,0.22268945461862982,Pred,Shared,1
34,0.22136622744314577,Pred,Shared,1
35,0.27539429558350265,Pred,Shared,1
36,0.25030543895520235,Pred,Shared,1
37,0.22134957719194362,Pred,Shared,1
38,0.27179614065749097,Pred,Shared,1
39,0.2435505274685711,Pred,Shared,1
40,0.2199119780674517,Pred,Shared,1
41,0.2441690062796461,Pred,Shared,1
42,0.2642151870208612,Pred,Shared,1
43,0.24728027822920465,Pred,Shared,1
44,0.24665496266785936,Pred,Shared,1
45,0.2519561180744214,Pred,Shared,1
46,0.25808833868306885,Pred,Shared,1
47,0.24048288638098994,Pred,Shared,1
48,0.22852367355711,Pred,Shared,1
49,0.23801855598430072,Pred,Shared,1
50,0.2477721907437122,Pred,Shared,1
51,0.22644348414000562,Pred,Shared,2
52,0.1893546308257122,Pred,Shared,2
53,0.24991414158108105,Pred,Shared,2
54,0.2444384663158186,Pred,Shared,2
55,0.21627775433318563,Pred,Shared,2
56,0.19066916602219255,Pred,Shared,2
57,0.22480994898073534,Pred,Shared,2
58,0.2171312490469214,Pred,Shared,2
59,0.2139540483400279,Pred,Shared,2
60,0.22003468946039598,Pred,Shared,2
61,0.19034783717182846,Pred,Shared,2
62,0.20321178520937463,Pred,Shared,2
63,0.2044261952411257,Pred,Shared,2
64,0.2064837863358691,Pred,Shared,2
65,0.2163217528976691,Pred,Shared,2
66,0.220496893122943,Pred,Shared,2
67,0.22266165600436583,Pred,Shared,2
68,0.21162297850099612,Pred,Shared,2
69,0.24366408128768816,Pred,Shared,2
70,0.19464555502857572,Pred,Shared,2
71,0.21594522674913594,Pred,Shared,2
72,0.21423991391288807,Pred,Shared,2
73,0.19533888431211138,Pred,Shared,2
74,0.23094104357991233,Pred,Shared,2
75,0.2337683171082683,Pred,Shared,2
76,0.1824939726609607,Pred,Shared,2
77,0.24220458150573998,Pred,Shared,2
78,0.17299582633125485,Pred,Shared,2
79,0.2469040095449492,Pred,Shared,2
80,0.1926361026094025,Pred,Shared,2
81,0.18355266127222922,Pred,Shared,2
82,0.20682163418755162,Pred,Shared,2
83,0.21601767708623523,Pred,Shared,2
84,0.21766245701918846,Pred,Shared,2
85,0.21246183218408687,Pred,Shared,2
86,0.24455971997929396,Pred,Shared,2
87,0.2060480741937591,Pred,Shared,2
88,0.21787230820908202,Pred,Shared,2
89,0.23510762002518568,Pred,Shared,2
90,0.2156605989448959,Pred,Shared,2
91,0.23401904004708815,Pred,Shared,2
92,0.1953511922992702,Pred,Shared,2
93,0.21588658542595066,Pred,Shared,2
94,0.25015924518831073,Pred,Shared,2
95,0.2150756065407508,Pred,Shared,2
96,0.22255801471656164,Pred,Shared,2
97,0.1893815806873894,Pred,Shared,2
98,0.2132995017015823,Pred,Shared,2
99,0.20849870297716167,Pred,Shared,2
100,0.19779508105243823,Pred,Shared,2
101,0.17828631574058929,Pred,Shared,3
102,0.1681214901138017,Pred,Shared,3
103,0.1734072422350895,Pred,Shared,3
104,0.16952322821164478,Pred,Shared,3
105,0.18437660124297425,Pred,Shared,3
106,0.18351204583698744,Pred,Shared,3
107,0.151396991636223,Pred,Shared,3
108,0.18337077930218065,Pred,Shared,3
109,0.16895652133673883,Pred,Shared,3
110,0.186996387915239,Pred,Shared,3
111,0.14748293106043314,Pred,Shared,3
112,0.1544531758518337,Pred,Shared,3
113,0.16902249767440927,Pred,Shared,3
114,0.1711962421337804,Pred,Shared,3
115,0.17624605095074714,Pred,Shared,3
116,0.20585679336764107,Pred,Shared,3
117,0.16177062957754673,Pred,Shared,3
118,0.19540564371896993,Pred,Shared,3
119,0.1804869647158736,Pred,Shared,3
120,0.16737546070941325,Pred,Shared,3
121,0.1982472599716869,Pred,Shared,3
122,0.15678365276822107,Pred,Shared,3
123,0.15609931193784232,Pred,Shared,3
124,0.1537550878270465,Pred,Shared,3
125,0.1695465542637986,Pred,Shared,3
126,0.15721095885140324,Pred,Shared,3
127,0.16613410410903753,Pred,Shared,3
128,0.17911032954045136,Pred,Shared,3
129,0.20092822576968708,Pred,Shared,3
130,0.18139490156356586,Pred,Shared,3
131,0.2048024135540341,Pred,Shared,3
132,0.15376573346162817,Pred,Shared,3
133,0.1613110434089514,Pred,Shared,3
134,0.21603959308853485,Pred,Shared,3
135,0.16474786320179685,Pred,Shared,3
136,0.17737228943506636,Pred,Shared,3
137,0.16441004747205176,Pred,Shared,3
138,0.1925583407229566,Pred,Shared,3
139,0.18051494837254134,Pred,Shared,3
140,0.17278595883994025,Pred,Shared,3
141,0.1836476395013285,Pred,Shared,3
142,0.18220330596591716,Pred,Shared,3
143,0.19182032763262502,Pred,Shared,3
144,0.1961521669936902,Pred,Shared,3
145,0.1662680749424161,Pred,Shared,3
146,0.1922383506718812,Pred,Shared,3
147,0.16295319737859038,Pred,Shared,3
148,0.1696910676536399,Pred,Shared,3
149,0.19808012325530375,Pred,Shared,3
150,0.1811727020682708,Pred,Shared,3
151,0.15086731238667483,Pred,Shared,4
152,0.14168233136637556,Pred,Shared,4
153,0.1383017689176232,Pred,Shared,4
154,0.15479320394830667,Pred,Shared,4
155,0.1452535716339814,Pred,Shared,4
156,0.1274056802675865,Pred,Shared,4
157,0.13758125589886716,Pred,Shared,4
158,0.16148232377187635,Pred,Shared,4
159,0.16612947622993549,Pred,Shared,4
160,0.1754003536948832,Pred,Shared,4
161,0.1541957824552175,Pred,Shared,4
162,0.14265571267961635,Pred,Shared,4
163,0.13086959518261182,Pred,Shared,4
164,0.15484733982781176,Pred,Shared,4
165,0.13617084512970665,Pred,Shared,4
166,0.15978107936446725,Pred,Shared,4
167,0.1710387541077285,Pred,Shared,4
168,0.1400263943500576,Pred,Shared,4
169,0.1509527663874121,Pred,Shared,4
170,0.14342632364579969,Pred,Shared,4
171,0.13678847958876128,Pred,Shared,4
172,0.14196209991596428,Pred,Shared,4
173,0.14510888505380304,Pred,Shared,4
174,0.1351990358607383,Pred,Shared,4
175,0.13690179655031384,Pred,Shared,4
176,0.1681846538479571,Pred,Shared,4
177,0.14685642158643172,Pred,Shared,4
178,0.1082000956692002,Pred,Shared,4
179,0.15066405057025853,Pred,Shared,4
180,0.16694619071723035,Pred,Shared,4
181,0.1382862721785835,Pred,Shared,4
182,0.16106672098221209,Pred,Shared,4
183,0.13561722971274384,Pred,Shared,4
184,0.13980896469727763,Pred,Shared,4
185,0.15519685283806683,Pred,Shared,4
186,0.1437984585600376,Pred,Shared,4
187,0.14980117934558046,Pred,Shared,4
188,0.1279819023670857,Pred,Shared,4
189,0.14803247326738783,Pred,Shared,4
190,0.15360323095007997,Pred,Shared,4
191,0.18123588478490485,Pred,Shared,4
192,0.15415130896364496,Pred,Shared,4
193,0.13282520735137088,Pred,Shared,4
194,0.146046490110897,Pred,Shared,4
195,0.1251108537398084,Pred,Shared,4
196,0.16147764598311612,Pred,Shared,4
197,0.15580653445324819,Pred,Shared,4
198,0.1338615593641302,Pred,Shared,4
199,0.15305848067754158,Pred,Shared,4
200,0.12384884052075362,Pred,Shared,4
1,0.1679739287720199,Prey,Individual,1
2,0.17957662879311684,Prey,Individual,1
3,0.18013498167106043,Prey,Individual,1
4,0.16317332621485814,Prey,Individual,1
5,0.1650635386348922,Prey,Individual,1
6,0.18354685458225511,Prey,Individual,1
7,0.21012850839753736,Prey,Individual,1
8,0.1663752851632336,Prey,Individual,1
9,0.1589890357465121,Prey,Individual,1
10,0.15142620752643682,Prey,Individual,1
11,0.2075821793210571,Prey,Individual,1
12,0.1728591660437683,Prey,Individual,1
13,0.1963255589398549,Prey,Individual,1
14,0.21708922149529736,Prey,Individual,1
15,0.17720910628734046,Prey,Individual,1
16,0.17300906720279347,Prey,Individual,1
17,0.1572409742469595,Prey,Individual,1
18,0.1923633152758506,Prey,Individual,1
19,0.17866789556799315,Prey,Individual,1
20,0.18664876930055652,Prey,Individual,1
21,0.1899970178384603,Prey,Individual,1
22,0.191399305056282,Prey,Individual,1
23,0.19292613717808707,Prey,Individual,1
24,0.12549930719394164,Prey,Individual,1
25,0.1556596653797483,Prey,Individual,1
26,0.16378070922128607,Prey,Individual,1
27,0.19640706340701966,Prey,Individual,1
28,0.15249987849398106,Prey,Individual,1
29,0.19122013061408694,Prey,Individual,1
30,0.20740907987093704,Prey,Individual,1
31,0.1614320209919957,Prey,Individual,1
32,0.1805337246427166,Prey,Individual,1
33,0.219507138686188,Prey,Individual,1
34,0.13593504054989786,Prey,Individual,1
35,0.24456993955928902,Prey,Individual,1
36,0.18248781497866062,Prey,Individual,1
37,0.16217640073634748,Prey,Individual,1
38,0.2281130079620274,Prey,Individual,1
39,0.17338055231968333,Prey,Individual,1
40,0.1759175890781017,Prey,Individual,1
41,0.19870091492005548,Prey,Individual,1
42,0.16350901487459982,Prey,Individual,1
43,0.18656787213045306,Prey,Individual,1
44,0.13699365003020308,Prey,Individual,1
45,0.18850748142562368,Prey,Individual,1
46,0.16728171448943668,Prey,Individual,1
47,0.21031312953168343,Prey,Individual,1
48,0.1634099501124011,Prey,Individual,1
49,0.1274920256235076,Prey,Individual,1
50,0.19779048600396051,Prey,Individual,1
51,0.1425751536231264,Prey,Individual,2
52,0.12500463104418225,Prey,Individual,2
53,0.1584453252104144,Prey,Individual,2
54,0.1419625298057253,Prey,Individual,2
55,0.18518131869091925,Prey,Individual,2
56,0.1949330748388786,Prey,Individual,2
57,0.1350309415052055,Prey,Individual,2
58,0.16395212534288386,Prey,Individual,2
59,0.1608725593105038,Prey,Individual,2
60,0.15041399456331384,Prey,Individual,2
61,0.15236870755237802,Prey,Individual,2
62,0.1833432851225165,Prey,Individual,2
63,0.14781113661324063,Prey,Individual,2
64,0.16453283858880677,Prey,Individual,2
65,0.1990917814770227,Prey,Individual,2
66,0.15129472522336543,Prey,Individual,2
67,0.16549504264310405,Prey,Individual,2
68,0.16711808192031508,Prey,Individual,2
69,0.15318852016242449,Prey,Individual,2
70,0.14944117818328903,Prey,Individual,2
71,0.17771974700298318,Prey,Individual,2
72,0.14677692772223672,Prey,Individual,2
73,0.15698647255326273,Prey,Individual,2
74,0.13458983231674296,Prey,Individual,2
75,0.1454041509379507,Prey,Individual,2
76,0.1529269049354951,Prey,Individual,2
77,0.1993731880500356,Prey,Individual,2
78,0.1532622265688618,Prey,Individual,2
79,0.16936018653801246,Prey,Individual,2
80,0.1476657549474096,Prey,Individual,2
81,0.1120439417562038,Prey,Individual,2
82,0.1398918237058071,Prey,Individual,2
83,0.15789971394588215,Prey,Individual,2
84,0.16866120257291595,Prey,Individual,2
85,0.13735743797971503,Prey,Individual,2
86,0.16697447335330085,Prey,Individual,2
87,0.22281740007824424,Prey,Individual,2
88,0.16546946631736176,Prey,Individual,2
89,0.17102030450408542,Prey,Individual,2
90,0.14943686027836106,Prey,Individual,2
91,0.15956300794563547,Prey,Individual,2
92,0.1053708844690518,Prey,Individual,2
93,0.17563548128359768,Prey,Individual,2
94,0.15582996330182758,Prey,Individual,2
95,0.1409772220302931,Prey,Individual,2
96,0.17916916923382092,Prey,Individual,2
97,0.12408851915013785,Prey,Individual,2
98,0.17878377310235105,Prey,Individual,2
99,0.1982259936993389,Prey,Individual,2
100,0.1632490632987444,Prey,Individual,2
101,0.1575887881384738,Prey,Individual,3
102,0.15331278229725911,Prey,Individual,3
103,0.15708375749252287,Prey,Individual,3
104,0.15863444927588843,Prey,Individual,3
105,0.15216166720182112,Prey,Individual,3
106,0.1419412251794479,Prey,Individual,3
107,0.1419933052318849,Prey,Individual,3
108,0.19207291183094322,Prey,Individual,3
109,0.10773601414583488,Prey,Individual,3
110,0.15978441480476221,Prey,Individual,3
111,0.15648903776623363,Prey,Individual,3
112,0.14642797559904452,Prey,Individual,3
113,0.133956035270227,Prey,Individual,3
114,0.17041580703489365,Prey,Individual,3
115,0.1517724611140673,Prey,Individual,3
116,0.14293010474979248,Prey,Individual,3
117,0.17004494413015292,Prey,Individual,3
118,0.15219673806488251,Prey,Individual,3
119,0.1499961593115166,Prey,Individual,3
120,0.15267832573300363,Prey,Individual,3
121,0.1314129668318109,Prey,Individual,3
122,0.12093886533933024,Prey,Individual,3
123,0.12825747805818968,Prey,Individual,3
124,0.14888365892573582,Prey,Individual,3
125,0.16154880213422806,Prey,Individual,3
126,0.16401583010266657,Prey,Individual,3
127,0.16630019836989565,Prey,Individual,3
128,0.14151681343421035,Prey,Individual,3
129,0.16142043462213862,Prey,Individual,3
130,0.1466996966085053,Prey,Individual,3
131,0.11777961960307966,Prey,Individual,3
132,0.14673219263656115,Prey,Individual,3
133,0.14143512197197095,Prey,Individual,3
134,0.15657577004995918,Prey,Individual,3
135,0.13285434302522675,Prey,Individual,3
136,0.16538433107777442,Prey,Individual,3
137,0.1527299370146666,Prey,Individual,3
138,0.1609847197929579,Prey,Individual,3
139,0.15999225868860553,Prey,Individual,3
140,0.15297922892440116,Prey,Individual,3
141,0.16229242759978083,Prey,Individual,3
142,0.15374951896025457,Prey,Individual,3
143,0.1154961476743009,Prey,Individual,3
144,0.16837253596154136,Prey,Individual,3
145,0.1386779056259484,Prey,Individual,3
146,0.17014836208559447,Prey,Individual,3
147,0.13887665109021932,Prey,Individual,3
148,0.12503786023879562,Prey,Individual,3
149,0.16910710227513853,Prey,Individual,3
150,0.19805828497685504,Prey,Individual,3
151,0.11915676963170138,Prey,Individual,4
152,0.1653077079256174,Prey,Individual,4
153,0.10237599870524369,Prey,Individual,4
154,0.13644726288929007,Prey,Individual,4
155,0.14102656948967024,Prey,Individual,4
156,0.10873629556296102,Prey,Individual,4
157,0.14389816595665586,Prey,Individual,4
158,0.1373185827207756,Prey,Individual,4
159,0.16347016028846167,Prey,Individual,4
160,0.16270674586630812,Prey,Individual,4
161,0.16392920093319982,Prey,Individual,4
162,0.12066249068042682,Prey,Individual,4
163,0.17887329061790486,Prey,Individual,4
164,0.1635566140888576,Prey,Individual,4
165,0.14801074746779797,Prey,Individual,4
166,0.11058656014727741,Prey,Individual,4
167,0.1115615488469984,Prey,Individual,4
168,0.16059773921974066,Prey,Individual,4
169,0.13555412274837741,Prey,Individual,4
170,0.15212574803519482,Prey,Individual,4
171,0.1505508010787332,Prey,Individual,4
172,0.1496382730347444,Prey,Individual,4
173,0.15461972569861335,Prey,Individual,4
174,0.14216891753414143,Prey,Individual,4
175,0.09466587996511582,Prey,Individual,4
176,0.1284165542509716,Prey,Individual,4
177,0.15081648369493325,Prey,Individual,4
178,0.14232269705003842,Prey,Individual,4
179,0.15936334703676608,Prey,Individual,4
180,0.13481705093461108,Prey,Individual,4
181,0.13872544780023807,Prey,Individual,4
182,0.10394638720752948,Prey,Individual,4
183,0.12337428711869823,Prey,Individual,4
184,0.11644572248440348,Prey,Individual,4
185,0.11491741760930696,Prey,Individual,4
186,0.14458989801171623,Prey,Individual,4
187,0.1406131873727717,Prey,Individual,4
188,0.14786699391013275,Prey,Individual,4
189,0.12067452168619139,Prey,Individual,4
190,0.14358396777991067,Prey,Individual,4
191,0.15675107883108788,Prey,Individual,4
192,0.12597881904774408,Prey,Individual,4
193,0.1302045806734906,Prey,Individual,4
194,0.12800855025727662,Prey,Individual,4
195,0.12361387027048172,Prey,Individual,4
196,0.12701531802976468,Prey,Individual,4
197,0.1435424918040963,Prey,Individual,4
198,0.13275290582805072,Prey,Individual,4
199,0.12363321352317393,Prey,Individual,4
200,0.11244913283985941,Prey,Individual,4
1,0.17315769381024868,Prey,None,1
2,0.20261519314890386,Prey,None,1
3,0.23845209060162595,Prey,None,1
4,0.16963087014331232,Prey,None,1
5,0.17509923193923768,Prey,None,1
6,0.15749047864560442,Prey,None,1
7,0.16413809199671067,Prey,None,1
8,0.1968861492196603,Prey,None,1
9,0.2201757063480549,Prey,None,1
10,0.2091266285975078,Prey,None,1
11,0.1803918021439121,Prey,None,1
12,0.2099464794347959,Prey,None,1
13,0.16088986332518102,Prey,None,1
14,0.2088473386524093,Prey,None,1
15,0.1981458488345139,Prey,None,1
16,0.1841134086763774,Prey,None,1
17,0.18081773384422958,Prey,None,1
18,0.18774495835032676,Prey,None,1
19,0.17139289626265058,Prey,None,1
20,0.17957160533338862,Prey,None,1
21,0.16160573783719762,Prey,None,1
22,0.18697517365090416,Prey,None,1
23,0.15674930596488254,Prey,None,1
24,0.19338649335759234,Prey,None,1
25,0.18123480783723925,Prey,None,1
26,0.18469497412863148,Prey,None,1
27,0.15800298373353122,Prey,None,1
28,0.1849433295694864,Prey,None,1
29,0.18967523919742246,Prey,None,1
30,0.18013822808895422,Prey,None,1
31,0.17612989619510483,Prey,None,1
32,0.2249889059183119,Prey,None,1
33,0.1741222847899189,Prey,None,1
34,0.19521452460491873,Prey,None,1
35,0.1974522355371958,Prey,None,1
36,0.17255883879693068,Prey,None,1
37,0.19283515688363112,Prey,None,1
38,0.19877388731102047,Prey,None,1
39,0.17068509919969868,Prey,None,1
40,0.18897207167539093,Prey,None,1
41,0.14894928343785732,Prey,None,1
42,0.21677913131999763,Prey,None,1
43,0.19604237041888453,Prey,None,1
44,0.2362694013240586,Prey,None,1
45,0.20863322404552154,Prey,None,1
46,0.17213944723070645,Prey,None,1
47,0.18243868911661457,Prey,None,1
48,0.2114328530085999,Prey,None,1
49,0.198135525338683,Prey,None,1
50,0.18649820829419933,Prey,None,1
51,0.1510932979755866,Prey,None,2
52,0.1507239578940652,Prey,None,2
53,0.17893443118928617,Prey,None,2
54,0.17247410690573367,Prey,None,2
55,0.17200486910891802,Prey,None,2
56,0.17625261775659506,Prey,None,2
57,0.16814317995115088,Prey,None,2
58,0.2016583903747338,Prey,None,2
59,0.181487709789759,Prey,None,2
60,0.2008170411587961,Prey,None,2
61,0.17482353714158838,Prey,None,2
62,0.17371027098997058,Prey,None,2
63,0.16507711341245968,Prey,None,2
64,0.1732502671142958,Prey,None,2
65,0.17306797406835359,Prey,None,2
66,0.19144145610870206,Prey,None,2
67,0.167498350818668,Prey,None,2
68,0.18790614411117676,Prey,None,2
69,0.16734050138384884,Prey,None,2
70,0.19595613741336293,Prey,None,2
71,0.15383096546589123,Prey,None,2
72,0.21232289784732308,Prey,None,2
73,0.22481162074302322,Prey,None,2
74,0.185264256800088,Prey,None,2
75,0.2342734498824675,Prey,None,2
76,0.1614338304552299,Prey,None,2
77,0.1787541023247387,Prey,None,2
78,0.18107364200955528,Prey,None,2
79,0.2102376131776765,Prey,None,2
80,0.22475147495410736,Prey,None,2
81,0.20659150243138494,Prey,None,2
82,0.18228116492702195,Prey,None,2
83,0.20487306853463574,Prey,None,2
84,0.1967183027695596,Prey,None,2
85,0.16319940371797526,Prey,None,2
86,0.16778588793314,Prey,None,2
87,0.17110124686452577,Prey,None,2
88,0.17853300602142388,Prey,None,2
89,0.2078170433795135,Prey,None,2
90,0.16601698664872425,Prey,None,2
91,0.17716503886351365,Prey,None,2
92,0.17678487527978134,Prey,None,2
93,0.2072044109423187,Prey,None,2
94,0.16780904845595976,Prey,None,2
95,0.16948859651929465,Prey,None,2
96,0.20105984268752988,Prey,None,2
97,0.20952356051603893,Prey,None,2
98,0.19427699046481714,Prey,None,2
99,0.20358593955448176,Prey,None,2
100,0.16225234788724352,Prey,None,2
101,0.12379701525542519,Prey,None,3
102,0.16684620849348886,Prey,None,3
103,0.19056795699282336,Prey,None,3
104,0.16682132657011525,Prey,None,3
105,0.20051541772853648,Prey,None,3
106,0.15247801365441946,Prey,None,3
107,0.13941813638988512,Prey,None,3
108,0.1584669980225138,Prey,None,3
109,0.19807849883613304,Prey,None,3
110,0.14065240217433125,Prey,None,3
111,0.17507140201530721,Prey,None,3
112,0.21927937148970103,Prey,None,3
113,0.17086888889481205,Prey,None,3
114,0.1352372035331079,Prey,None,3
115,0.14532294535725668,Prey,None,3
116,0.1571961806277705,Prey,None,3
117,0.17273600970467312,Prey,None,3
118,0.18456171460884135,Prey,None,3
119,0.18165111831120134,Prey,None,3
120,0.15009224514673256,Prey,None,3
121,0.14904222385560867,Prey,None,3
122,0.14338627075472232,Prey,None,3
123,0.1784815864342267,Prey,None,3
124,0.17855363022543344,Prey,None,3
125,0.1620256389507609,Prey,None,3
126,0.16649706896875777,Prey,None,3
127,0.1642014781711472,Prey,None,3
128,0.18793399947717446,Prey,None,3
129,0.14236702501937298,Prey,None,3
130,0.14545992823218415,Prey,None,3
131,0.1727314710374898,Prey,None,3
132,0.1780334285178854,Prey,None,3
133,0.18239717080931617,Prey,None,3
134,0.19966993018504892,Prey,None,3
135,0.15203421132007142,Prey,None,3
136,0.15083102205036378,Prey,None,3
137,0.15581159617915177,Prey,None,3
138,0.16155927665994652,Prey,None,3
139,0.199801808693711,Prey,None,3
140,0.16560963223433142,Prey,None,3
141,0.18293034764051846,Prey,None,3
142,0.19752330690334582,Prey,None,3
143,0.14403508162594367,Prey,None,3
144,0.1368837271426694,Prey,None,3
145,0.19776723692352002,Prey,None,3
146,0.15383197975895682,Prey,None,3
147,0.19991394366004944,Prey,None,3
148,0.15634680509940868,Prey,None,3
149,0.18063733115455985,Prey,None,3
150,0.17289568015755158,Prey,None,3
151,0.1398636493175063,Prey,None,4
152,0.18979132212064811,Prey,None,4
153,0.1634281178501187,Prey,None,4
154,0.16203516388491973,Prey,None,4
155,0.19620759468388382,Prey,None,4
156,0.16750442924034584,Prey,None,4
157,0.1582342802507973,Prey,None,4
158,0.14931660687302778,Prey,None,4
159,0.12778600290701336,Prey,None,4
160,0.13655677683114112,Prey,None,4
161,0.16026823308764396,Prey,None,4
162,0.17223312798902593,Prey,None,4
163,0.18525211361831323,Prey,None,4
164,0.14634184124113095,Prey,None,4
165,0.20231523277283656,Prey,None,4
166,0.10795748932837093,Prey,None,4
167,0.18738100384995726,Prey,None,4
168,0.15728295191572214,Prey,None,4
169,0.20762445526637197,Prey,None,4
170,0.21375603638687946,Prey,None,4
171,0.13133067576559854,Prey,None,4
172,0.1607347932635376,Prey,None,4
173,0.1625751554387099,Prey,None,4
174,0.16726355772227047,Prey,None,4
175,0.13692104150561285,Prey,None,4
176,0.17904103650123832,Prey,None,4
177,0.15841609907196183,Prey,None,4
178,0.13465669289699148,Prey,None,4
179,0.19850649814254162,Prey,None,4
180,0.1484724651878938,Prey,None,4
181,0.14624272519471043,Prey,None,4
182,0.19166111278464035,Prey,None,4
183,0.19603572264241673,Prey,None,4
184,0.19239159318804408,Prey,None,4
185,0.18419092734755585,Prey,None,4
186,0.15573150784008544,Prey,None,4
187,0.1911998529397141,Prey,None,4
188,0.1777540047874276,Prey,None,4
189,0.1842120465664097,Prey,None,4
190,0.16425456567560423,Prey,None,4
191,0.1403090532432214,Prey,None,4
192,0.16242215734616802,Prey,None,4
193,0.1895380895958266,Prey,None,4
194,0.16850271658494004,Prey,None,4
195,0.15637474437230595,Prey,None,4
196,0.1488103379540276,Prey,None,4
197,0.18440941788264695,Prey,None,4
198,0.15335550747937285,Prey,None,4
199,0.16361627256294295,Prey,None,4
200,0.1998554240557085,Prey,None,4
1,0.20326694826873687,Prey,Shared,1
2,0.13623511605916538,Prey,Shared,1
3,0.14431334487847303,Prey,Shared,1
4,0.14716828378698973,Prey,Shared,1
5,0.12556247552105493,Prey,Shared,1
6,0.14116427764552625,Prey,Shared,1
7,0.1828061478466271,Prey,Shared,1
8,0.1775849157361208,Prey,Shared,1
9,0.13785577394836554,Prey,Shared,1
10,0.11992658569640571,Prey,Shared,1
11,0.16779833846171555,Prey,Shared,1
12,0.17768239728737117,Prey,Shared,1
13,0.15172522270583733,Prey,Shared,1
14,0.14988788904704614,Prey,Shared,1
15,0.13208786375775142,Prey,Shared,1
16,0.1701802990858761,Prey,Shared,1
17,0.11417401143984761,Prey,Shared,1
18,0.12956226684413244,Prey,Shared,1
19,0.16909498574177662,Prey,Shared,1
20,0.1963695902789448,Prey,Shared,1
21,0.15096636144607195,Prey,Shared,1
22,0.178153033545541,Prey,Shared,1
23,0.12853812039658422,Prey,Shared,1
24,0.10630995874882501,Prey,Shared,1
25,0.17341182418966997,Prey,Shared,1
26,0.1385068689607536,Prey,Shared,1
27,0.16612295191272802,Prey,Shared,1
28,0.17430441820931944,Prey,Shared,1
29,0.15572065849965117,Prey,Shared,1
30,0.13422471318847895,Prey,Shared,1
31,0.18721351276671142,Prey,Shared,1
32,0.19893318476971625,Prey,Shared,1
33,0.1267192913885911,Prey,Shared,1
34,0.0727193635182449,Prey,Shared,1
35,0.18136921757228014,Prey,Shared,1
36,0.1454925775610079,Prey,Shared,1
37,0.14537668457554123,Prey,Shared,1
38,0.14787956067214492,Prey,Shared,1
39,0.15673662705398747,Prey,Shared,1
40,0.18651532290454265,Prey,Shared,1
41,0.1419687738247334,Prey,Shared,1
42,0.11731507525472544,Prey,Shared,1
43,0.1452619719497163,Prey,Shared,1
44,0.1282330570401309,Prey,Shared,1
45,0.20900160691508865,Prey,Shared,1
46,0.12029371009158416,Prey,Shared,1
47,0.11933755823205622,Prey,Shared,1
48,0.12539578961045864,Prey,Shared,1
49,0.0601226129888749,Prey,Shared,1
50,0.17706891547321096,Prey,Shared,1
51,0.09434157169206375,Prey,Shared,2
52,0.05116006480682815,Prey,Shared,2
53,0.07545715292786677,Prey,Shared,2
54,0.08396299534013842,Prey,Shared,2
55,0.043935480363354755,Prey,Shared,2
56,0.15134246028040707,Prey,Shared,2
57,0.11985193105546978,Prey,Shared,2
58,0.09289783216188567,Prey,Shared,2
59,0.11481089039530545,Prey,Shared,2
60,0.07808659653448885,Prey,Shared,2
61,0.06269746172010633,Prey,Shared,2
62,0.08783476876189247,Prey,Shared,2
63,0.10295945327264956,Prey,Shared,2
64,0.06038668976433523,Prey,Shared,2
65,0.08468451709438742,Prey,Shared,2
66,0.08713363045615746,Prey,Shared,2
67,0.11238468318853435,Prey,Shared,2
68,0.09179935267539854,Prey,Shared,2
69,0.06885178957901153,Prey,Shared,2
70,0.05392194542487184,Prey,Shared,2
71,0.06549555415758139,Prey,Shared,2
72,0.07292692485076722,Prey,Shared,2
73,0.050762678867376905,Prey,Shared,2
74,0.08458351990631773,Prey,Shared,2
75,0.11200660762731234,Prey,Shared,2
76,0.039522818926645005,Prey,Shared,2
77,0.07697380867552127,Prey,Shared,2
78,0.05451791684070597,Prey,Shared,2
79,0.05531280568800399,Prey,Shared,2
80,0.09211304763961384,Prey,Shared,2
81,0.06345192713093362,Prey,Shared,2
82,0.1035832833701756,Prey,Shared,2
83,0.09362870565118935,Prey,Shared,2
84,0.0464846364741454,Prey,Shared,2
85,0.11403093273889779,Prey,Shared,2
86,0.05907092384259439,Prey,Shared,2
87,0.05297252461431076,Prey,Shared,2
88,0.031638954147800796,Prey,Shared,2
89,0.10010823704204606,Prey,Shared,2
90,0.08540305998702191,Prey,Shared,2
91,0.0818742671539104,Prey,Shared,2
92,0.053974809082054126,Prey,Shared,2
93,0.0747031580697732,Prey,Shared,2
94,0.07655325185228623,Prey,Shared,2
95,0.131697859111341,Prey,Shared,2
96,0.040115909413542844,Prey,Shared,2
97,0.044320480947639816,Prey,Shared,2
98,0.0628041819084488,Prey,Shared,2
99,0.03817410172253515,Prey,Shared,2
100,0.08806163218493747,Prey,Shared,2
101,0.06520816446092031,Prey,Shared,3
102,0.0567851425756182,Prey,Shared,3
103,0.05569719461722563,Prey,Shared,3
104,0.041177435527088836,Prey,Shared,3
105,0.04520504170317766,Prey,Shared,3
106,0.09114320204863535,Prey,Shared,3
107,0.07966350380709095,Prey,Shared,3
108,0.0390345251201868,Prey,Shared,3
109,0.06769235410520306,Prey,Shared,3
110,0.06708426924621284,Prey,Shared,3
111,0.06302002311980001,Prey,Shared,3
112,0.05677020916802515,Prey,Shared,3
113,0.0037684900016488904,Prey,Shared,3
114,0.05017351402457321,Prey,Shared,3
115,0.04631925811955717,Prey,Shared,3
116,0.09291666457135266,Prey,Shared,3
117,0.081603848788685,Prey,Shared,3
118,0.05203776265650622,Prey,Shared,3
119,0.0513684690380567,Prey,Shared,3
120,0.04143413269108021,Prey,Shared,3
121,0.05182112312432766,Prey,Shared,3
122,0.06593991577332185,Prey,Shared,3
123,0.0715463493872919,Prey,Shared,3
124,0.02280880242982503,Prey,Shared,3
125,0.04646902210389456,Prey,Shared,3
126,0.06075323628642436,Prey,Shared,3
127,0.09079559529455318,Prey,Shared,3
128,0.05779335953040557,Prey,Shared,3
129,0.04826678880689247,Prey,Shared,3
130,0.05474975928445924,Prey,Shared,3
131,0.10413738308290468,Prey,Shared,3
132,0.05168311880962908,Prey,Shared,3
133,0.06316403174965993,Prey,Shared,3
134,0.03495241734525014,Prey,Shared,3
135,0.07635122531832465,Prey,Shared,3
136,0.04517457511141225,Prey,Shared,3
137,0.030355806550731352,Prey,Shared,3
138,0.048911861104343236,Prey,Shared,3
139,0.02213652023650052,Prey,Shared,3
140,0.06207554884144789,Prey,Shared,3
141,0.1033294150392364,Prey,Shared,3
142,0.07652811127659702,Prey,Shared,3
143,0.07289120459955019,Prey,Shared,3
144,0.07064045985947519,Prey,Shared,3
145,0.07021757300927711,Prey,Shared,3
146,0.059670336638253,Prey,Shared,3
147,0.07457438190770205,Prey,Shared,3
148,0.07244110686261891,Prey,Shared,3
149,0.07413283657247594,Prey,Shared,3
150,0.056209880389162394,Prey,Shared,3
151,0.1437918693083961,Prey,Shared,4
152,0.16004757031011185,Prey,Shared,4
153,0.12423441793211361,Prey,Shared,4
154,0.12269807075512987,Prey,Shared,4
155,0.11169504270311158,Prey,Shared,4
156,0.15719478877961324,Prey,Shared,4
157,0.13258160916387277,Prey,Shared,4
158,0.1641718835551384,Prey,Shared,4
159,0.13140362361910315,Prey,Shared,4
160,0.15857191096904605,Prey,Shared,4
161,0.1182092997988388,Prey,Shared,4
162,0.12970551294463106,Prey,Shared,4
163,0.11800360181284839,Prey,Shared,4
164,0.1460039288533636,Prey,Shared,4
165,0.13239748965207135,Prey,Shared,4
166,0.16450166220393148,Prey,Shared,4
167,0.11782580907173325,Prey,Shared,4
168,0.14930786497122053,Prey,Shared,4
169,0.11145427978261517,Prey,Shared,4
170,0.12310931067850284,Prey,Shared,4
171,0.1393684351127069,Prey,Shared,4
172,0.14808627779619835,Prey,Shared,4
173,0.11704398397408938,Prey,Shared,4
174,0.14471511369457798,Prey,Shared,4
175,0.10242567045173642,Prey,Shared,4
176,0.12756688487250833,Prey,Shared,4
177,0.13109085117326935,Prey,Shared,4
178,0.1441393457365894,Prey,Shared,4
179,0.1312477451329152,Prey,Shared,4
180,0.18854400478358224,Prey,Shared,4
181,0.10622790099646416,Prey,Shared,4
182,0.13573601451801962,Prey,Shared,4
183,0.1641229468114285,Prey,Shared,4
184,0.1189269174647625,Prey,Shared,4
185,0.16676892947771452,Prey,Shared,4
186,0.09820645218175497,Prey,Shared,4
187,0.14992210114834856,Prey,Shared,4
188,0.12147212295112522,Prey,Shared,4
189,0.145083472395029,Prey,Shared,4
190,0.1497472582216461,Prey,Shared,4
191,0.1013956310807568,Prey,Shared,4
192,0.16618320784461024,Prey,Shared,4
193,0.1453249597675548,Prey,Shared,4
194,0.13410898150705153,Prey,Shared,4
195,0.15394989962217143,Prey,Shared,4
196,0.10987512859933649,Prey,Shared,4
197,0.1425055239682681,Prey,Shared,4
198,0.12237538381457297,Prey,Shared,4
199,0.12418021515066609,Prey,Shared,4
200,0.13902139441686637,Prey,Shared,4
